Time_taken (min),Distance_km,Road_traffic_density,Delivery_person_Age,Delivery_person_Ratings,multiple_deliveries,Order_Hour
15,19.880040740546,3,28.0,4.5,0.0,20.0
31,20.831404268801418,3,33.0,3.7,1.0,21.0
28,9.192881349038213,3,31.0,4.9,1.0,22.0
28,4.464810553177668,3,32.0,4.8,1.0,20.0
21,12.256927745913815,0,28.0,4.9,1.0,23.0
18,9.081848162010717,0,38.0,4.8,0.0,22.0
19,1.4901739564930154,0,21.0,4.9,1.0,8.0
27,16.608214361065517,1,37.0,4.8,1.0,18.0
36,6.29013467763468,1,38.0,4.7,1.0,16.0
52,17.13802247711509,3,32.0,4.6,1.0,19.0
28,13.620429458669873,3,24.0,4.7,1.0,19.0
39,10.255192722113202,1,34.0,4.7,2.0,17.0
33,4.469606139374459,1,39.0,4.1,1.0,17.0
19,6.217860689144307,1,26.0,4.9,1.0,15.0
31,7.7626338661018774,3,25.0,4.0,1.0,20.0
29,1.5545440228107195,0,22.0,4.3,1.0,8.0
16,1.554619810773694,0,31.0,4.9,0.0,9.0
36,3.0737721530635387,2,37.0,4.1,1.0,11.0
19,9.074821802568852,3,36.0,4.7,1.0,19.0
36,16.610926485281333,1,35.0,4.6,1.0,18.0
37,10.725566076623075,3,28.0,4.2,1.0,21.0
28,13.96960642768458,0,20.0,5.0,1.0,22.0
24,3.0202827050890524,0,34.0,4.7,0.0,10.0
35,13.989532967705536,1,33.0,3.6,0.0,18.0
21,6.209485128886319,2,36.0,4.8,0.0,13.0
16,19.68777669417997,0,29.0,4.6,1.0,22.0
29,12.580267822400963,3,21.0,4.7,1.0,20.0
32,9.220373067021216,3,37.0,4.3,0.0,20.0
15,4.610035602260694,0,27.0,4.8,0.0,22.0
16,3.1051103947027285,0,20.0,4.8,1.0,10.0
32,9.220550607824233,0,34.0,4.1,1.0,22.0
31,9.088078142011637,3,37.0,4.7,0.0,19.0
29,17.07670421054038,3,35.0,4.6,1.0,20.0
22,1.5368588631561617,0,20.0,4.8,0.0,10.0
26,16.6594405791231,3,28.0,4.8,1.0,19.0
24,6.12841937845769,2,21.0,4.9,1.0,15.0
22,13.588908817419535,3,26.0,4.9,1.0,20.0
23,1.572533729286321,2,36.0,4.7,1.0,11.0
25,20.85172635753384,3,25.0,4.6,1.0,22.0
44,13.970556078644911,3,35.0,4.1,2.0,21.0
20,3.1048274856004796,0,32.0,4.3,1.0,8.0
30,3.073782598017619,2,22.0,4.7,1.0,11.0
24,10.906149360969733,1,27.0,4.8,1.0,18.0
33,6.08119089136717,1,36.0,5.0,0.0,15.0
25,6.050355980667948,2,39.0,4.7,0.0,12.0
14,4.527973054243058,1,27.0,4.6,1.0,18.0
51,10.486117701549256,3,31.0,4.6,1.0,21.0
12,13.789485363023294,3,20.0,4.9,1.0,21.0
32,12.117036432265502,3,23.0,4.1,1.0,19.0
24,17.164824725882017,1,33.0,4.8,1.0,18.0
21,13.407238587856966,0,37.0,4.9,1.0,22.0
29,4.717601092054723,1,31.0,5.0,0.0,17.0
23,3.01871690507141,0,27.0,4.6,1.0,9.0
19,7.790401360105752,0,29.0,4.8,1.0,23.0
27,16.385045825961104,1,21.0,4.8,0.0,18.0
32,4.494386184689828,3,35.0,4.3,1.0,20.0
27,20.182068898087746,3,26.0,4.7,1.0,21.0
42,11.937144739026929,3,30.0,4.6,1.0,20.0
19,4.560890658020926,0,21.0,4.7,0.0,22.0
10,4.537647566708254,0,24.0,4.6,1.0,22.0
20,1.5125686168842198,0,29.0,4.1,0.0,10.0
26,6.175413559946173,1,24.0,4.8,0.0,15.0
21,4.544230975252655,3,36.0,4.6,0.0,21.0
35,20.18093693173923,0,35.0,4.6,2.0,22.0
24,17.078029070273278,3,34.0,4.8,1.0,19.0
21,4.587794632025183,3,24.0,4.7,0.0,20.0
22,7.790439155314363,1,23.0,4.6,1.0,18.0
33,3.1045718665451782,2,36.0,4.9,1.0,11.0
11,1.5125746930783428,0,37.0,4.9,0.0,10.0
30,4.544228016639666,3,34.0,4.7,1.0,19.0
31,19.3626986679347,1,37.0,4.0,0.0,17.0
27,3.0644871057616707,2,21.0,4.6,0.0,11.0
48,13.989852322089257,3,31.0,4.3,2.0,20.0
20,7.7631971453288875,3,34.0,4.8,1.0,20.0
37,12.580267822400963,0,39.0,4.3,1.0,22.0
36,10.429850454296803,0,30.0,3.7,1.0,23.0
12,6.04999326769204,2,22.0,4.7,0.0,13.0
33,3.025144329113595,2,29.0,4.2,1.0,11.0
17,9.192770952683547,1,21.0,4.7,1.0,17.0
29,13.77113289483828,1,36.0,4.5,1.0,18.0
25,19.83950910656183,3,26.0,4.8,1.0,21.0
22,4.395412768889443,3,33.0,4.6,0.0,20.0
27,1.552697443893239,0,39.0,4.6,0.0,10.0
12,7.790401204068506,3,20.0,5.0,0.0,20.0
38,16.63651695459671,1,31.0,4.0,1.0,17.0
36,12.099354574706966,3,24.0,4.1,1.0,20.0
43,20.44292976252901,3,25.0,4.6,3.0,19.0
20,4.39522525342693,1,27.0,5.0,0.0,17.0
23,3.1045718665451782,0,36.0,4.9,1.0,9.0
36,1.5126000890232916,2,31.0,4.6,1.0,11.0
13,19.3438309081408,1,29.0,5.0,0.0,17.0
32,9.435201537430714,3,22.0,4.6,1.0,21.0
14,10.707006464770936,0,24.0,4.6,0.0,23.0
39,7.546876906900249,3,33.0,4.1,0.0,19.0
33,4.632302885852554,3,31.0,4.9,0.0,19.0
20,4.591636071834256,0,33.0,4.5,0.0,0.0
24,2.9796265189931233,0,31.0,4.5,1.0,9.0
48,6.037990253487766,2,31.0,4.8,1.0,13.0
20,6.118471180690497,2,26.0,4.9,1.0,12.0
46,13.77076958377127,3,34.0,4.4,1.0,21.0
27,7.448560816474598,1,33.0,4.6,1.0,18.0
33,20.20729968887068,1,38.0,4.3,1.0,17.0
26,9.175565157006737,1,25.0,4.8,1.0,18.0
34,7.448303502970493,3,24.0,4.1,1.0,19.0
33,4.469352052738077,3,26.0,4.1,1.0,21.0
19,7.762510040102141,3,26.0,4.8,1.0,20.0
37,11.007734763744617,3,32.0,4.9,1.0,19.0
19,4.610430682715917,0,36.0,4.8,1.0,22.0
25,11.916582838288104,1,29.0,4.9,1.0,18.0
19,12.116895848186626,3,27.0,5.0,1.0,19.0
15,12.417003842687146,0,28.0,4.6,0.0,22.0
26,6.29013467763468,2,35.0,4.6,0.0,14.0
36,4.528289130580048,3,39.0,4.7,0.0,20.0
32,7.8032219310450195,3,35.0,4.7,0.0,21.0
15,12.435597855540221,3,21.0,4.9,0.0,20.0
19,7.490153546303699,0,20.0,4.7,1.0,23.0
25,7.762500242365753,3,24.0,4.9,0.0,19.0
34,9.055981117924203,3,29.0,4.8,1.0,19.0
16,4.657528074267875,1,26.0,4.7,0.0,18.0
18,6.210141144622586,2,39.0,4.7,1.0,14.0
15,4.610621612645187,1,31.0,4.7,1.0,17.0
20,20.44292976252901,3,32.0,4.8,1.0,20.0
37,13.612451541411557,3,35.0,4.9,1.0,21.0
11,16.720582121841456,3,26.0,4.8,0.0,19.0
20,7.761160094160204,0,37.0,4.7,1.0,23.0
16,3.109059104393369,2,33.0,4.9,1.0,11.0
12,9.192119121311745,1,24.0,4.6,0.0,17.0
50,10.75755477315807,3,38.0,5.0,1.0,20.0
27,10.756955716295083,0,39.0,4.6,1.0,0.0
16,3.145067434621583,0,20.0,4.9,0.0,9.0
19,1.4898458841183333,2,20.0,4.7,1.0,11.0
30,6.210060323088704,2,33.0,4.8,0.0,13.0
33,10.880651848535559,3,28.0,4.6,1.0,19.0
48,13.620331894946727,1,39.0,4.8,3.0,18.0
34,16.827472773146095,0,30.0,4.1,1.0,23.0
17,3.1089751947120248,0,29.0,4.9,1.0,8.0
19,3.145067434621583,0,32.0,4.6,0.0,8.0
42,10.587732954177069,1,37.0,4.7,2.0,17.0
40,17.07302628964209,3,20.0,4.8,1.0,20.0
15,14.022096082518878,0,30.0,5.0,1.0,22.0
28,6.1469671519338895,2,31.0,4.9,1.0,15.0
33,4.587356404161673,3,23.0,4.6,1.0,19.0
46,10.704238934519315,3,30.0,4.6,0.0,21.0
28,4.3953626610863985,3,36.0,4.5,0.0,20.0
26,14.15280068944862,1,28.0,4.9,0.0,17.0
12,3.116128490575321,0,27.0,4.9,0.0,9.0
36,16.63579806090435,1,31.0,4.3,1.0,18.0
22,20.252959556511744,0,30.0,4.9,1.0,23.0
37,13.588974754474432,3,33.0,4.5,1.0,19.0
17,1.5523012503298028,0,35.0,4.9,1.0,10.0
18,20.848074005447355,3,21.0,4.9,0.0,21.0
10,6.176541436788837,2,25.0,4.9,0.0,12.0
18,1.5093764432901144,0,39.0,4.9,0.0,9.0
35,6.29013467763468,2,37.0,4.8,1.0,12.0
36,10.707144604562082,0,30.0,3.5,1.0,22.0
28,11.983536457749452,3,20.0,4.6,1.0,20.0
29,9.22086597503784,1,33.0,4.9,1.0,18.0
43,12.236790662986138,1,39.0,4.9,1.0,17.0
42,12.417687564200063,3,30.0,3.5,0.0,20.0
23,12.161642370389037,3,23.0,4.8,1.0,21.0
30,20.968899445721757,1,36.0,5.0,1.0,18.0
18,16.59765942033505,1,38.0,4.5,1.0,18.0
41,20.17741678822261,3,33.0,4.9,2.0,19.0
25,7.772282029629311,3,29.0,4.6,1.0,19.0
22,4.5890994584359515,0,29.0,4.7,0.0,22.0
18,14.0453730484291,3,24.0,5.0,0.0,21.0
45,4.610254758948449,3,31.0,4.0,1.0,19.0
21,12.236322809891128,0,25.0,4.8,1.0,23.0
40,16.8253834049009,3,25.0,4.8,2.0,19.0
47,13.830756172608513,3,39.0,5.0,1.0,22.0
37,4.657153007152837,1,31.0,4.8,2.0,18.0
24,16.384351156454095,1,27.0,4.8,1.0,18.0
25,17.0767871164594,0,37.0,4.6,1.0,23.0
29,3.1050835221086417,0,26.0,4.4,1.0,9.0
37,13.989249784535353,3,39.0,3.7,1.0,20.0
25,16.3938118808,3,28.0,4.6,1.0,20.0
16,1.572533729286321,0,29.0,4.6,1.0,8.0
41,16.411341039814936,1,26.0,4.7,1.0,18.0
33,10.709003371535417,0,30.0,4.3,0.0,22.0
43,12.580267822400963,3,35.0,4.2,1.0,20.0
15,7.450185408246093,3,28.0,4.8,1.0,21.0
34,12.464329547626278,3,24.0,4.3,1.0,19.0
28,8.940167719841355,1,35.0,4.7,1.0,17.0
12,1.4898423067405666,0,27.0,4.6,0.0,11.0
37,4.674173521866281,1,33.0,4.0,1.0,17.0
22,5.992261608063494,1,25.0,4.8,0.0,15.0
39,13.763896210757977,1,23.0,5.0,1.0,18.0
35,19.618918347479877,3,36.0,4.1,1.0,20.0
13,4.596926091184748,3,28.0,4.7,1.0,20.0
26,12.580267822400963,0,26.0,4.6,0.0,22.0
24,16.660108123693192,0,34.0,4.9,1.0,23.0
17,9.263231656574526,1,24.0,4.6,1.0,18.0
23,16.601276790345967,3,36.0,4.9,1.0,19.0
21,4.560903158461034,1,20.0,5.0,1.0,18.0
22,9.348448896833318,0,35.0,4.7,1.0,23.0
27,1.5544994921789965,0,38.0,4.8,1.0,8.0
16,10.881197531246407,1,20.0,4.5,1.0,17.0
19,9.220209378254708,0,34.0,4.7,0.0,22.0
30,11.937006781135741,3,36.0,4.7,1.0,19.0
16,14.02184017066065,0,21.0,4.6,1.0,22.0
23,10.416963824321584,0,20.0,4.8,0.0,22.0
26,7.44864451602914,0,38.0,4.7,1.0,22.0
22,6.03744523636816,2,26.0,5.0,1.0,14.0
15,1.5297232853100244,0,22.0,4.8,1.0,9.0
42,10.880935113345313,3,33.0,3.5,2.0,19.0
31,12.11655916281721,3,23.0,4.3,0.0,21.0
27,7.562267471532845,1,36.0,4.8,1.0,18.0
18,1.520455689583788,0,30.0,5.0,1.0,9.0
52,10.757499697083244,3,36.0,4.8,0.0,21.0
16,7.683782781592616,0,31.0,4.5,0.0,22.0
32,11.007734763744617,1,37.0,4.3,1.0,17.0
17,7.7725232004434295,0,24.0,5.0,0.0,22.0
15,17.077821017427635,0,28.0,4.8,0.0,22.0
36,13.830206237242956,3,26.0,4.5,2.0,19.0
21,1.5523608800116515,0,34.0,4.6,0.0,10.0
30,1.5204319193295497,2,25.0,4.9,0.0,11.0
21,8.928939271550702,3,33.0,4.6,0.0,21.0
21,1.5323350156090414,0,30.0,4.7,1.0,9.0
20,7.567997138623191,3,23.0,4.5,0.0,21.0
29,7.772466272035551,3,26.0,4.7,1.0,21.0
19,17.16536125639379,3,27.0,4.6,1.0,21.0
36,17.29786575291325,1,32.0,4.0,1.0,18.0
26,6.0504060616582525,1,28.0,4.6,1.0,16.0
13,6.1766084827181205,1,23.0,4.6,0.0,15.0
24,2.9303422228167397,0,33.0,4.7,1.0,9.0
21,12.25659774869038,1,38.0,4.5,1.0,17.0
24,3.1162384958431986,0,32.0,4.7,0.0,9.0
23,4.674184358398377,1,23.0,5.0,1.0,18.0
15,20.20634606758301,3,20.0,4.7,0.0,21.0
24,7.683740930982763,3,28.0,4.7,0.0,20.0
31,7.44855797957408,1,34.0,5.0,0.0,18.0
15,8.92906001215989,1,27.0,4.9,0.0,18.0
36,16.85270156392274,3,36.0,4.1,1.0,21.0
26,6.29013467763468,2,33.0,4.6,1.0,14.0
12,4.717601092054723,1,26.0,4.6,0.0,17.0
26,19.364487993280896,0,33.0,4.9,1.0,23.0
42,19.659851482292062,3,24.0,4.4,0.0,19.0
29,12.418394742110447,1,34.0,4.5,1.0,18.0
17,3.0734222587643045,0,35.0,5.0,1.0,10.0
42,13.480957508143813,3,34.0,4.2,0.0,21.0
14,4.5607604314529,0,23.0,4.6,0.0,22.0
30,9.193093962702912,3,38.0,4.5,1.0,21.0
17,16.824772113250834,3,26.0,4.7,0.0,20.0
18,1.5324173514302288,0,23.0,4.8,1.0,10.0
10,7.772241719523235,0,22.0,4.8,0.0,22.0
33,7.4411463368398385,3,39.0,4.7,1.0,20.0
35,20.556310063109457,3,35.0,4.3,2.0,19.0
17,6.210168035777162,1,36.0,5.0,0.0,16.0
45,6.050094908857936,2,39.0,4.6,2.0,14.0
32,19.976712110350487,3,27.0,4.9,1.0,20.0
29,4.528282400326012,1,35.0,4.9,0.0,17.0
20,19.364487993280896,3,28.0,5.0,1.0,19.0
15,3.064267071068136,0,24.0,5.0,0.0,9.0
18,3.104803710518419,0,24.0,4.4,1.0,8.0
18,16.63531520325545,1,26.0,4.6,1.0,18.0
27,1.5580841994904557,0,32.0,4.6,0.0,10.0
44,10.864870498856765,3,34.0,4.9,1.0,20.0
35,17.29786575291325,3,38.0,4.2,0.0,21.0
33,19.974163074784503,1,35.0,4.9,1.0,18.0
24,12.232070021478211,0,37.0,5.0,1.0,23.0
33,4.67431885403065,1,36.0,4.3,1.0,18.0
33,10.881463659821872,1,24.0,4.2,1.0,18.0
23,6.081440911759754,1,24.0,4.8,0.0,16.0
49,10.641581256626232,3,33.0,4.6,0.0,19.0
21,14.021816217041177,0,27.0,4.6,1.0,22.0
42,12.099896960230076,3,35.0,4.7,1.0,21.0
18,4.5790387166346855,1,21.0,5.0,1.0,18.0
24,17.07559440107296,1,20.0,4.7,1.0,19.0
27,4.663310851898783,0,24.0,4.3,0.0,22.0
33,8.987828354729745,3,22.0,4.1,1.0,19.0
20,16.601276790345967,0,35.0,4.9,0.0,23.0
26,7.772039544673178,3,29.0,4.8,1.0,19.0
23,6.0504060616582525,1,28.0,4.7,1.0,15.0
25,13.611544388190575,3,34.0,4.7,1.0,21.0
39,13.78848075238715,3,30.0,4.4,2.0,20.0
27,19.47125401130631,0,33.0,4.8,1.0,22.0
33,7.760928146685043,1,36.0,4.7,1.0,17.0
10,13.40588385177958,3,21.0,5.0,0.0,20.0
15,7.562317945109334,0,29.0,4.0,1.0,23.0
39,17.07670421054038,3,30.0,4.9,2.0,21.0
21,19.362825446415226,1,27.0,4.9,1.0,18.0
33,5.962202685727718,2,30.0,4.3,1.0,14.0
19,6.128684140033282,1,31.0,4.8,0.0,16.0
27,7.760937776419092,3,27.0,4.7,0.0,21.0
24,1.4981517843346028,0,38.0,4.5,1.0,9.0
38,10.806640241071428,1,38.0,4.4,0.0,18.0
21,1.5545440228107195,0,20.0,4.5,1.0,9.0
16,13.681631975373575,1,20.0,4.5,1.0,18.0
28,13.610807781529353,0,21.0,4.8,1.0,23.0
31,17.07269000033606,3,37.0,4.4,1.0,19.0
25,9.2191235676111,3,39.0,4.8,0.0,19.0
18,10.587588203123412,0,27.0,5.0,0.0,22.0
28,7.600983953739401,3,36.0,4.9,0.0,20.0
37,8.95310195230245,3,38.0,4.8,1.0,19.0
24,7.60136893811491,1,37.0,4.9,1.0,18.0
16,7.772282029629311,1,32.0,5.0,1.0,17.0
10,1.5580841994904557,0,20.0,4.9,0.0,8.0
18,3.1090585255903513,0,29.0,4.6,1.0,8.0
26,10.807410660610635,1,28.0,4.8,0.0,18.0
27,7.7631971453288875,0,25.0,4.5,1.0,23.0
26,12.100108934661812,1,27.0,4.9,0.0,18.0
32,3.1089029191679383,0,37.0,4.1,1.0,9.0
33,10.906414500350794,3,21.0,4.3,1.0,20.0
27,6.051108888205776,2,35.0,4.6,1.0,14.0
10,3.145067434621583,0,38.0,4.7,0.0,8.0
46,13.788581570141362,1,39.0,4.5,1.0,18.0
26,20.85172635753384,0,31.0,4.8,1.0,23.0
23,1.572533729286321,0,36.0,4.7,1.0,9.0
16,20.506944148177876,3,23.0,4.9,1.0,21.0
31,13.763896210757977,0,24.0,2.8,1.0,22.0
18,4.5279170129511765,0,39.0,4.5,1.0,22.0
17,4.717601092054723,0,20.0,4.7,0.0,23.0
25,3.0189069957366157,2,22.0,4.6,1.0,11.0
29,9.121049806498666,1,27.0,5.0,0.0,17.0
15,12.417003842687146,3,27.0,5.0,1.0,20.0
17,9.326603239772547,3,29.0,4.7,1.0,21.0
21,13.682164847733755,0,21.0,4.9,1.0,23.0
18,13.680987399157162,1,22.0,4.5,0.0,17.0
42,10.593945847570938,3,35.0,3.8,0.0,20.0
34,8.936297424957562,3,36.0,4.7,0.0,21.0
11,3.105492716560946,0,22.0,4.8,1.0,8.0
16,6.1190394664699514,1,26.0,4.6,0.0,15.0
39,10.757499697083244,1,31.0,4.7,1.0,17.0
10,7.8626681674103684,0,20.0,4.6,0.0,22.0
28,5.958771662511523,1,31.0,4.9,0.0,15.0
19,20.069389638817523,3,26.0,4.6,0.0,20.0
33,16.641014927987907,1,35.0,4.7,0.0,18.0
28,16.645616357823624,0,39.0,4.9,0.0,23.0
28,4.657153007152837,3,23.0,4.5,0.0,21.0
29,9.074744674241005,0,22.0,4.1,1.0,0.0
22,17.13752759379912,3,23.0,4.7,1.0,19.0
31,6.209250269756872,1,39.0,4.1,1.0,16.0
11,14.15280068944862,3,29.0,4.6,1.0,19.0
39,14.021812013196106,1,28.0,4.4,1.0,17.0
18,13.970007989574006,3,39.0,4.7,0.0,21.0
14,9.076358225887674,1,21.0,4.8,1.0,17.0
23,3.064676862169093,2,26.0,4.8,0.0,11.0
24,7.601066543768378,0,38.0,4.3,1.0,22.0
41,6.058923147526397,2,32.0,4.7,1.0,13.0
17,7.7635043374686274,0,26.0,5.0,0.0,22.0
38,16.634870118211836,3,25.0,4.0,2.0,21.0
18,1.5147885720051273,0,27.0,4.6,1.0,10.0
21,10.602450942886513,0,33.0,4.9,0.0,22.0
20,20.85333460818602,0,34.0,5.0,1.0,23.0
37,17.097972349714006,1,23.0,4.6,2.0,19.0
36,19.36342948174777,1,30.0,4.3,0.0,17.0
25,9.219783818326418,1,25.0,4.8,1.0,18.0
15,4.610254758948449,1,39.0,4.6,1.0,18.0
39,10.756990051436132,1,24.0,4.1,0.0,18.0
12,5.959032639454782,1,23.0,4.8,0.0,15.0
14,3.1051455399287056,0,20.0,4.6,0.0,10.0
15,7.762394296687464,0,39.0,4.9,1.0,22.0
17,1.5203488928264928,0,36.0,4.8,1.0,8.0
19,7.563759001970378,0,25.0,4.9,1.0,23.0
39,7.7624991757103565,3,36.0,4.1,1.0,20.0
29,13.989695713800396,3,34.0,4.8,1.0,19.0
24,2.976635343491255,0,32.0,4.8,0.0,10.0
19,4.674181485440602,1,30.0,4.6,1.0,18.0
38,1.4897343062370803,2,33.0,4.8,1.0,11.0
14,3.0644857806760535,0,29.0,4.7,1.0,8.0
26,13.90269207363203,1,22.0,4.8,1.0,17.0
18,3.145067434621583,0,28.0,4.6,0.0,8.0
38,13.407092693002484,3,24.0,4.0,2.0,20.0
18,1.572533729286321,0,29.0,4.9,1.0,8.0
25,13.58308621493501,3,21.0,4.7,0.0,20.0
16,10.705559922396555,0,25.0,4.7,1.0,23.0
17,1.5322531674035038,0,22.0,4.2,1.0,9.0
50,4.544264509631538,3,20.0,3.5,3.0,21.0
32,6.29013467763468,2,27.0,5.0,1.0,14.0
16,3.0270945232318014,0,32.0,5.0,1.0,9.0
25,10.602450942886513,3,30.0,4.7,1.0,21.0
30,3.0408635912257624,0,34.0,4.3,1.0,9.0
13,9.435201537430714,0,20.0,4.6,0.0,23.0
24,8.928939271550702,3,21.0,4.8,1.0,21.0
27,19.088943009469194,3,34.0,4.5,1.0,19.0
44,17.097896810816284,1,37.0,4.7,1.0,18.0
26,16.600361127912656,3,28.0,4.8,1.0,20.0
51,4.527915278149081,3,24.0,3.5,1.0,19.0
16,6.217525604924386,2,28.0,4.8,0.0,14.0
20,11.916235157217862,0,24.0,4.6,1.0,23.0
35,16.852834881460105,1,23.0,4.3,1.0,17.0
31,6.081387490813416,2,30.0,4.4,0.0,13.0
16,2.979626144829987,0,26.0,4.6,1.0,8.0
25,16.72146713385881,1,36.0,4.7,0.0,18.0
19,20.20525323529291,3,33.0,4.7,1.0,19.0
11,16.384324359677578,0,28.0,4.7,0.0,23.0
22,12.074377562049364,0,36.0,4.9,0.0,22.0
22,3.105492716560946,0,30.0,4.6,1.0,10.0
26,1.554514382186963,0,32.0,4.7,1.0,8.0
30,6.232139486668102,2,30.0,4.8,1.0,14.0
28,20.183529728733618,1,24.0,4.9,1.0,18.0
36,16.385802266862793,3,20.0,4.7,2.0,21.0
39,7.546670729116101,3,36.0,4.0,1.0,19.0
39,12.161605446010208,0,34.0,4.4,0.0,23.0
20,1.552560983126433,0,28.0,4.7,0.0,8.0
16,4.717601092054723,0,27.0,4.7,0.0,22.0
38,10.868263117988388,1,27.0,5.0,0.0,17.0
24,7.567713368601147,1,26.0,4.9,1.0,18.0
24,9.192571532077613,3,31.0,4.9,0.0,21.0
36,13.990536544120216,3,38.0,4.6,1.0,20.0
21,3.060475538709063,0,36.0,4.6,1.0,9.0
25,9.178296996538572,0,37.0,4.0,1.0,23.0
14,1.5204190072774333,0,21.0,4.5,1.0,9.0
30,16.601408334261674,3,22.0,5.0,1.0,22.0
17,9.435201537430714,0,22.0,4.6,1.0,23.0
47,12.580267822400963,3,33.0,4.8,0.0,19.0
18,4.537922749289298,3,26.0,4.7,1.0,19.0
21,1.465122557159026,0,20.0,4.7,1.0,8.0
43,12.463970105023904,0,27.0,2.9,1.0,23.0
16,9.220397882984718,3,28.0,4.7,1.0,20.0
11,3.0644638558352577,0,21.0,4.8,0.0,10.0
39,19.83935367946772,0,31.0,3.8,1.0,23.0
37,13.970007989574006,1,30.0,4.3,2.0,18.0
15,12.42069253996503,0,23.0,5.0,1.0,0.0
27,12.23656153955492,3,24.0,4.7,1.0,20.0
38,11.91667929885388,3,26.0,4.8,2.0,20.0
16,9.12210553959038,0,27.0,4.6,1.0,23.0
19,9.074821802568852,1,32.0,4.7,1.0,18.0
12,4.663658229921789,0,33.0,4.9,0.0,22.0
17,13.631339548300275,0,35.0,4.6,1.0,22.0
37,5.968870550908365,1,36.0,4.9,1.0,15.0
32,1.4899109729390851,2,39.0,4.9,1.0,11.0
28,16.659974055073302,0,20.0,4.9,0.0,23.0
19,9.315745106316243,0,25.0,4.6,0.0,22.0
24,9.313528459380548,0,34.0,4.3,1.0,22.0
34,7.546267706957737,3,38.0,4.8,1.0,19.0
24,3.1044353971266565,0,30.0,5.0,1.0,11.0
23,13.973206773137713,1,30.0,4.5,1.0,17.0
16,10.711185800959656,1,23.0,5.0,0.0,17.0
38,19.88701283582688,3,28.0,4.6,1.0,21.0
38,7.683355299930933,3,39.0,4.2,1.0,19.0
27,6.0588489445304,1,29.0,4.9,1.0,16.0
26,4.674393132741051,1,38.0,4.9,1.0,17.0
14,7.448379823536196,3,28.0,4.8,1.0,20.0
32,10.707675026486205,3,28.0,4.4,0.0,20.0
26,7.761780026108867,3,21.0,4.8,1.0,21.0
20,10.924526055103547,0,24.0,4.7,1.0,0.0
22,13.973760919164189,3,25.0,4.8,0.0,19.0
23,4.537513326842717,1,21.0,4.5,1.0,17.0
27,10.880887117732282,0,36.0,4.5,1.0,23.0
29,4.537653689675138,3,36.0,5.0,1.0,21.0
27,1.5148048951935007,2,33.0,4.6,1.0,11.0
16,6.081204324626466,2,20.0,4.6,1.0,12.0
34,6.037116126732456,1,36.0,4.9,2.0,16.0
19,3.025279772423236,0,30.0,4.7,1.0,10.0
16,7.631507423907812,0,24.0,4.7,1.0,23.0
26,4.560928430651938,1,34.0,4.9,1.0,18.0
39,17.13921974225849,0,20.0,3.2,1.0,22.0
26,12.463883024166657,1,24.0,4.6,1.0,18.0
23,9.264648568906683,0,30.0,4.8,0.0,22.0
33,12.419724873245404,3,33.0,3.8,0.0,19.0
20,19.367701972031078,0,20.0,4.9,1.0,23.0
38,16.980990792659853,3,32.0,3.7,2.0,20.0
16,4.663344843093785,0,37.0,4.5,1.0,23.0
26,10.881463659821872,0,30.0,4.6,0.0,22.0
46,7.44864451602914,3,33.0,4.2,3.0,19.0
38,4.656862974505059,3,37.0,4.1,1.0,20.0
15,1.5321262845594088,0,36.0,4.6,1.0,8.0
38,7.324963249883455,3,36.0,4.9,1.0,21.0
28,1.513448240349314,2,25.0,4.6,1.0,12.0
42,13.582342704260105,3,24.0,4.9,1.0,19.0
16,1.5580766213086716,0,37.0,5.0,0.0,10.0
19,17.073813051007523,3,21.0,4.6,0.0,20.0
31,8.811629447251413,1,33.0,4.1,0.0,19.0
34,20.85154468962371,1,36.0,4.4,1.0,18.0
34,17.138074588551884,3,36.0,4.1,1.0,21.0
21,9.181146899051038,0,38.0,4.5,1.0,22.0
18,1.572533729286321,0,26.0,4.9,1.0,9.0
54,20.25305420828035,3,32.0,5.0,1.0,19.0
19,1.509460397835505,0,21.0,4.8,1.0,8.0
31,11.905030946256336,1,24.0,4.6,0.0,17.0
20,16.388478196037884,3,29.0,4.9,1.0,20.0
26,9.326602961232513,0,39.0,4.7,1.0,22.0
19,3.027292134044053,0,21.0,4.7,0.0,8.0
26,14.15280068944862,0,35.0,4.6,1.0,23.0
34,14.15280068944862,3,21.0,4.9,1.0,20.0
21,1.5322015943257514,0,28.0,4.8,1.0,10.0
25,7.761780026108867,0,39.0,4.6,1.0,22.0
26,3.145067434621583,2,28.0,4.8,1.0,11.0
26,7.762510040102141,0,30.0,4.6,1.0,23.0
26,3.0295246341921644,0,34.0,5.0,0.0,8.0
17,4.65734737800111,1,32.0,4.9,1.0,18.0
24,19.36320422209685,1,34.0,4.8,0.0,17.0
17,19.3626986679347,0,31.0,5.0,1.0,23.0
32,12.257490517738452,3,38.0,4.3,1.0,20.0
28,6.128249797982013,1,31.0,4.7,1.0,16.0
51,12.107734496942113,3,32.0,4.8,3.0,19.0
27,9.316091864517965,3,32.0,4.6,1.0,21.0
23,20.506934775865457,0,30.0,4.6,1.0,22.0
29,6.210607623190057,2,31.0,4.5,1.0,14.0
26,3.116253656338934,0,39.0,4.7,1.0,8.0
28,4.469166522803337,3,31.0,5.0,1.0,22.0
42,20.176709024393567,3,23.0,5.0,2.0,19.0
39,11.748980070213674,0,31.0,3.5,1.0,23.0
39,4.656862974505059,3,31.0,4.7,0.0,20.0
17,7.761780026108867,0,24.0,4.1,0.0,22.0
33,9.435201537430714,1,30.0,4.8,0.0,17.0
10,9.348493190107364,3,24.0,4.6,1.0,19.0
25,9.271888389475569,1,34.0,4.7,1.0,18.0
37,19.8839743283605,0,33.0,3.6,1.0,23.0
24,1.520369481743939,0,39.0,4.9,0.0,9.0
25,3.025332706173566,0,32.0,4.6,1.0,10.0
24,11.903325884417917,0,39.0,4.7,1.0,23.0
15,13.18491228608386,3,25.0,4.8,0.0,21.0
39,10.881463659821872,3,35.0,4.5,1.0,21.0
26,20.206226468830582,1,38.0,4.7,1.0,18.0
13,1.5147453171152914,0,28.0,4.9,0.0,10.0
15,3.109210739496908,0,20.0,4.8,1.0,10.0
12,1.5545511732988062,0,23.0,4.9,0.0,8.0
13,4.59595027478907,3,23.0,4.8,1.0,20.0
27,6.080949025950904,2,30.0,4.8,0.0,12.0
23,7.450285845946469,0,30.0,4.9,1.0,23.0
24,12.074063090452917,0,39.0,4.9,1.0,23.0
29,9.056095962462345,1,22.0,4.7,1.0,18.0
13,1.4901739564930154,0,28.0,4.5,0.0,8.0
24,19.661310204458474,1,36.0,4.6,0.0,18.0
13,4.717601092054723,0,26.0,4.6,1.0,22.0
31,7.7631971453288875,1,34.0,4.2,1.0,19.0
38,7.719450234291639,3,22.0,4.4,2.0,21.0
33,1.5525704156536744,2,31.0,4.3,1.0,11.0
54,20.44292976252901,3,31.0,4.7,1.0,19.0
27,5.959357904254251,2,32.0,4.9,1.0,13.0
23,13.682164589270348,1,22.0,4.8,1.0,17.0
32,6.20953271391644,2,39.0,4.1,1.0,13.0
42,16.821912713961545,3,25.0,4.9,2.0,20.0
15,19.661098170299198,1,26.0,4.9,1.0,18.0
22,4.5607604314529,3,25.0,4.9,1.0,21.0
41,16.90295553948897,3,30.0,5.0,1.0,19.0
35,10.280572823486576,1,32.0,4.3,2.0,18.0
28,14.15280068944862,3,28.0,4.7,0.0,20.0
32,1.5147927355664839,2,37.0,4.3,1.0,11.0
19,13.760880474936114,3,20.0,4.6,1.0,19.0
25,4.657654937060173,3,35.0,4.7,1.0,21.0
30,8.789865759848452,3,32.0,4.9,1.0,19.0
17,20.44292976252901,1,24.0,4.9,0.0,18.0
18,13.830053479838845,3,28.0,4.6,1.0,19.0
25,16.659838319169715,0,32.0,4.8,0.0,22.0
29,2.9790002034338934,0,31.0,4.5,0.0,8.0
26,3.0203297176230155,0,36.0,4.9,0.0,8.0
37,5.992261339612392,2,32.0,4.7,0.0,14.0
26,13.73594217639692,0,38.0,4.8,1.0,23.0
20,9.059804963936873,0,30.0,4.5,0.0,22.0
48,13.583302501334016,3,30.0,5.0,1.0,21.0
33,4.544228016639666,3,21.0,4.0,1.0,20.0
36,11.007734763744617,3,36.0,4.1,1.0,21.0
23,16.830905551931956,0,29.0,4.7,1.0,22.0
33,16.38598063528554,3,33.0,3.8,1.0,20.0
14,3.0646598407974865,0,39.0,4.9,0.0,10.0
39,9.435201537430714,3,37.0,4.8,1.0,21.0
19,1.536842088254878,0,33.0,4.7,1.0,9.0
24,20.505798923463537,3,28.0,5.0,1.0,20.0
38,10.587588203123412,3,35.0,3.5,2.0,20.0
17,1.4898458841183333,0,34.0,4.9,1.0,9.0
33,13.584306064167167,3,36.0,4.6,1.0,21.0
30,6.209089325963786,2,26.0,4.9,1.0,13.0
32,9.0554769335006,3,36.0,4.2,1.0,20.0
22,4.610339345524684,0,23.0,4.8,0.0,22.0
20,9.087720328091445,0,27.0,4.8,1.0,22.0
36,17.29786575291325,1,30.0,4.8,2.0,18.0
18,1.5126859754657422,0,31.0,4.8,1.0,10.0
31,13.68204452608078,1,33.0,4.2,1.0,17.0
24,9.313300003113902,0,24.0,4.8,0.0,23.0
12,7.546267706957737,3,27.0,4.6,1.0,21.0
34,9.315035594044879,0,36.0,4.2,0.0,23.0
38,20.20634489518928,1,36.0,4.1,2.0,18.0
27,1.5322531674035038,2,31.0,4.6,1.0,11.0
15,3.1214062495331607,0,20.0,4.6,1.0,8.0
15,16.385802266862793,0,34.0,4.8,1.0,23.0
26,1.5134910203793128,0,32.0,4.7,1.0,10.0
37,3.0188764660307563,2,39.0,4.9,1.0,11.0
30,1.5522330405305722,2,33.0,4.9,0.0,11.0
25,4.528289130580048,3,30.0,4.7,1.0,21.0
19,9.121375406203297,0,34.0,4.9,0.0,22.0
23,4.717601092054723,0,39.0,4.7,0.0,22.0
28,20.18085916835158,0,37.0,4.6,1.0,22.0
36,6.081185877714606,1,36.0,5.0,1.0,16.0
39,16.636744591831217,3,34.0,5.0,2.0,19.0
25,4.561152341209805,3,36.0,4.9,0.0,19.0
13,3.040649953439472,0,25.0,4.7,0.0,9.0
36,9.157669973714464,3,32.0,4.4,1.0,20.0
36,12.293290453033771,3,37.0,4.5,1.0,20.0
20,12.421212735966003,1,22.0,4.5,1.0,19.0
30,16.72143013885536,3,23.0,4.6,1.0,19.0
23,9.435201537430714,0,27.0,5.0,1.0,23.0
30,20.252967850083056,3,36.0,4.9,0.0,21.0
41,12.161069532201358,1,35.0,4.8,1.0,18.0
21,20.068696929514367,0,35.0,4.5,0.0,22.0
46,13.7884543583669,3,31.0,4.4,1.0,20.0
17,1.5605576364539593,0,37.0,4.8,1.0,8.0
10,3.0270968572420225,0,21.0,4.7,0.0,8.0
30,7.6608956642418224,3,34.0,4.7,1.0,19.0
30,20.181172140809302,0,25.0,4.8,1.0,22.0
29,12.580267822400963,1,21.0,4.6,1.0,18.0
27,17.138041435510257,1,23.0,4.9,1.0,17.0
42,16.85352490584544,0,34.0,5.0,0.0,23.0
36,14.044994047947716,0,32.0,3.5,0.0,23.0
31,6.081142187746012,2,32.0,4.8,1.0,13.0
35,10.756895455613911,1,35.0,4.8,1.0,18.0
23,4.674174529063472,3,29.0,5.0,1.0,20.0
47,13.990536544120216,1,34.0,4.7,1.0,18.0
39,10.866277692518308,1,36.0,4.4,2.0,17.0
23,3.145067434621583,0,30.0,4.6,1.0,9.0
25,4.52824657673871,1,25.0,4.9,1.0,18.0
27,2.979527470384624,0,37.0,4.5,0.0,9.0
27,19.688246931881576,1,23.0,4.5,1.0,18.0
22,7.658776111980611,0,33.0,4.7,1.0,22.0
10,9.059724501609752,3,20.0,4.9,0.0,19.0
25,11.904977225765217,1,33.0,4.6,1.0,18.0
35,12.419634114062013,3,23.0,4.3,1.0,20.0
26,12.35228618251577,3,28.0,4.7,0.0,21.0
32,5.969080903053398,2,33.0,4.0,1.0,13.0
38,20.20729968887068,3,37.0,4.7,1.0,20.0
18,13.612393202818852,0,33.0,4.5,1.0,23.0
18,20.17903332454877,0,26.0,4.7,1.0,22.0
24,3.1162419915691593,0,30.0,4.9,1.0,9.0
11,10.907140151568118,0,27.0,4.6,0.0,22.0
25,4.66345622976206,1,28.0,4.8,1.0,18.0
29,5.9592931098219735,2,21.0,4.5,1.0,12.0
33,12.234822044206023,0,32.0,4.4,1.0,23.0
25,1.5368020663947328,0,39.0,4.1,1.0,11.0
27,10.867138302160432,0,28.0,4.9,1.0,23.0
17,1.5323596444882273,0,33.0,4.5,1.0,8.0
39,10.569597346528381,1,36.0,4.4,2.0,17.0
21,19.67416179823907,3,26.0,4.9,1.0,20.0
37,9.07462863182012,3,23.0,5.0,1.0,21.0
32,4.67433301643506,1,34.0,4.0,1.0,17.0
19,12.580267822400963,3,20.0,4.6,1.0,22.0
37,19.659494006263994,3,38.0,3.7,0.0,20.0
30,6.037544630194255,1,32.0,4.9,0.0,16.0
17,4.674333788013509,0,37.0,4.5,1.0,23.0
33,7.601681384871197,1,34.0,4.3,0.0,17.0
39,12.162009006258288,1,36.0,3.6,1.0,17.0
14,16.63651695459671,1,22.0,4.7,1.0,17.0
31,4.657153007152837,3,37.0,4.9,1.0,19.0
19,1.5441237394558012,0,21.0,4.8,1.0,9.0
29,17.07353769061412,3,25.0,4.9,1.0,19.0
25,3.040688634015558,0,22.0,4.3,1.0,9.0
25,16.60095424935038,1,35.0,4.7,1.0,18.0
25,10.641436955070953,1,23.0,5.0,0.0,17.0
16,1.4688455357648884,0,25.0,5.0,0.0,10.0
22,10.756415548797705,1,23.0,4.8,0.0,18.0
33,1.5523584795777219,0,31.0,4.2,2.0,9.0
10,3.087996686128697,0,27.0,4.7,1.0,9.0
22,11.91712870001259,1,39.0,4.6,1.0,18.0
41,16.608224637742175,3,22.0,4.0,1.0,20.0
34,12.293207925868513,1,32.0,4.1,1.0,18.0
28,3.064398872055142,0,33.0,4.6,1.0,10.0
30,10.485895839678308,3,20.0,4.9,1.0,20.0
31,1.5322015943257514,0,33.0,4.2,1.0,10.0
28,13.988777563349286,3,37.0,4.7,0.0,19.0
10,1.4652050018990022,0,27.0,4.6,1.0,9.0
41,13.97014466545326,3,21.0,5.0,2.0,21.0
31,1.5545511732988062,2,32.0,5.0,0.0,11.0
26,9.192496429758329,3,39.0,4.5,1.0,21.0
27,13.68237887648496,3,37.0,4.9,1.0,20.0
48,19.760080920474554,3,34.0,5.0,1.0,19.0
22,1.5124736191451338,0,23.0,4.8,1.0,8.0
23,20.969028454523297,1,29.0,4.6,1.0,18.0
27,6.050551152462876,1,35.0,4.7,1.0,15.0
24,10.867285240714487,3,22.0,4.8,1.0,21.0
16,12.419724873245404,3,25.0,4.6,1.0,20.0
27,6.210607623190057,2,30.0,4.8,1.0,14.0
25,12.074063090452917,3,20.0,4.7,1.0,20.0
24,17.076492495612452,3,38.0,4.5,1.0,20.0
19,1.5524064590051572,0,20.0,4.3,1.0,9.0
32,19.760063712198686,1,27.0,4.3,1.0,17.0
19,3.0201353609999835,0,31.0,4.9,1.0,9.0
34,4.657619913371798,3,30.0,4.9,0.0,20.0
14,3.145067434621583,0,27.0,4.5,0.0,10.0
31,6.218076509100711,1,33.0,4.9,0.0,15.0
27,6.209259882041872,1,30.0,4.8,1.0,16.0
46,4.56096495080353,3,37.0,4.9,1.0,21.0
24,8.938176353487746,1,22.0,4.8,0.0,18.0
28,12.35069307347605,1,25.0,4.6,1.0,17.0
18,1.5147885720051273,0,25.0,4.6,1.0,8.0
12,1.4898424937942714,0,22.0,4.7,0.0,10.0
21,16.72120319162223,3,22.0,4.8,0.0,22.0
25,4.6741517745550425,1,26.0,4.6,1.0,19.0
13,1.5203573134022046,0,25.0,4.7,0.0,10.0
13,12.293290453033771,0,25.0,4.8,0.0,23.0
26,4.610027010711368,3,20.0,4.5,1.0,19.0
20,10.641157729337541,3,28.0,4.6,0.0,21.0
28,7.546800541055753,0,39.0,4.1,1.0,23.0
26,7.79036212453358,1,26.0,4.7,1.0,17.0
34,17.07302628964209,0,33.0,3.9,1.0,23.0
13,7.567428130430248,3,24.0,4.7,0.0,21.0
30,20.253101372632372,3,31.0,4.7,0.0,20.0
29,8.78999388821619,3,25.0,4.5,1.0,21.0
31,3.116128490575321,2,28.0,4.7,1.0,11.0
38,10.880731284671972,1,25.0,4.7,1.0,17.0
20,4.579062734595836,1,24.0,4.7,1.0,18.0
24,10.868244074540835,1,38.0,4.8,1.0,18.0
16,7.772430463816821,0,20.0,4.5,1.0,22.0
21,7.763180727989777,1,37.0,4.8,1.0,17.0
27,4.717601092054723,3,27.0,4.8,0.0,22.0
12,9.31544163550089,0,28.0,4.8,0.0,22.0
22,9.056672984546829,1,29.0,5.0,0.0,17.0
25,9.314030628228021,3,37.0,4.8,1.0,21.0
23,16.830461294557434,0,36.0,4.6,0.0,22.0
36,12.435597855540221,0,24.0,3.3,2.0,23.0
13,6.29013467763468,2,21.0,4.7,1.0,14.0
25,13.830329612968956,0,32.0,4.7,1.0,23.0
21,12.464369459117805,0,30.0,4.6,0.0,23.0
48,19.658727827948923,3,31.0,4.6,2.0,20.0
15,4.674220356187267,0,25.0,4.9,0.0,22.0
28,10.586910515510665,1,21.0,4.7,1.0,17.0
27,3.1051314775458967,0,37.0,4.8,0.0,8.0
10,1.532234790495708,0,26.0,4.6,1.0,8.0
15,4.537400479091801,0,21.0,4.6,0.0,23.0
21,7.790158927084966,1,29.0,4.6,1.0,18.0
18,1.5525801593211894,0,29.0,4.9,1.0,10.0
30,1.4897995018082963,2,22.0,4.8,0.0,11.0
22,6.050033592458703,2,26.0,5.0,1.0,14.0
18,6.210141144622586,1,29.0,4.8,0.0,16.0
37,9.314781588433535,3,35.0,4.2,1.0,19.0
19,3.145067434621583,0,24.0,4.8,1.0,10.0
27,20.556712953900927,3,38.0,4.7,1.0,21.0
37,10.710903359654202,3,34.0,3.8,1.0,20.0
34,12.074114327172765,3,27.0,4.4,1.0,19.0
40,13.681590426854767,3,36.0,4.9,1.0,19.0
27,3.1214062495331607,0,36.0,4.5,1.0,9.0
39,20.851771383105145,3,28.0,4.6,1.0,21.0
19,1.489789766813,0,31.0,4.6,1.0,10.0
21,1.498111285910988,0,28.0,4.9,1.0,10.0
26,1.5203682291094078,0,38.0,4.4,1.0,8.0
19,16.385802266862793,1,26.0,4.5,0.0,18.0
29,17.07644834661623,1,21.0,4.6,1.0,18.0
41,10.641407763221139,3,30.0,5.0,1.0,19.0
28,4.544085706303389,3,23.0,5.0,0.0,21.0
17,16.903050893204163,3,34.0,4.7,0.0,20.0
44,20.831229799341045,3,36.0,5.0,3.0,20.0
27,10.56497410160339,1,28.0,4.8,1.0,17.0
16,6.036610249816451,1,39.0,4.8,1.0,15.0
32,10.711191521545718,1,32.0,4.9,1.0,18.0
18,4.657999585570663,3,24.0,4.7,0.0,20.0
22,3.0735433636637475,0,34.0,4.9,1.0,10.0
17,7.631552743190954,3,30.0,4.9,0.0,20.0
27,16.384334344092046,0,25.0,4.5,1.0,23.0
33,9.074821802568852,3,30.0,4.4,1.0,19.0
33,16.608066712030592,1,23.0,4.8,1.0,18.0
27,3.0735433636637475,0,36.0,4.2,1.0,9.0
26,3.01871690507141,0,38.0,4.5,0.0,10.0
19,19.97456846935303,0,20.0,4.8,1.0,23.0
18,7.683608397233649,1,37.0,5.0,0.0,17.0
26,6.049788909378549,2,23.0,4.5,0.0,14.0
27,13.7888461168452,0,33.0,5.0,1.0,22.0
31,9.313300003113902,1,39.0,4.1,1.0,17.0
18,19.39661829066159,0,25.0,4.9,1.0,22.0
32,10.280572823486576,1,20.0,4.0,1.0,19.0
36,14.15280068944862,3,33.0,4.6,0.0,21.0
24,19.761050003538962,0,32.0,4.8,1.0,23.0
45,13.768718508386595,3,35.0,4.7,1.0,21.0
14,7.761486237714824,0,21.0,4.9,1.0,22.0
28,7.66031691183285,0,32.0,4.8,1.0,22.0
17,4.464766878776638,0,31.0,4.8,1.0,23.0
30,19.659373527443684,0,30.0,4.9,0.0,22.0
24,12.236322809891128,0,24.0,4.8,1.0,22.0
28,3.145067434621583,0,36.0,4.6,1.0,8.0
49,20.85154468962371,1,30.0,4.6,3.0,17.0
25,3.0527456969715105,0,34.0,4.6,1.0,8.0
46,9.076358225887674,3,31.0,4.4,2.0,21.0
14,1.5525876685610625,0,22.0,4.8,1.0,10.0
30,19.97462742500737,1,31.0,4.7,1.0,18.0
36,20.178100872931342,1,38.0,4.1,1.0,18.0
26,3.064267071068136,0,32.0,4.9,1.0,9.0
26,10.880905305082543,1,31.0,4.5,1.0,17.0
25,4.5883872060778055,0,35.0,4.7,1.0,22.0
22,8.938685874463816,0,28.0,4.7,0.0,22.0
24,6.147160558529004,2,38.0,4.7,1.0,13.0
28,10.867258681532135,1,33.0,4.7,1.0,17.0
39,17.29786575291325,3,24.0,4.2,1.0,21.0
32,13.481108157687446,0,35.0,4.4,1.0,23.0
22,2.937184754123548,0,28.0,4.7,0.0,8.0
29,1.5094383155993516,2,30.0,4.7,1.0,11.0
16,20.831404268801418,3,25.0,4.5,1.0,20.0
19,9.315035594044879,3,22.0,4.8,1.0,19.0
37,20.207049940573643,0,36.0,4.9,1.0,22.0
29,7.790525266841046,3,33.0,4.8,1.0,20.0
44,13.970632221184006,1,36.0,4.3,3.0,18.0
29,4.5279170129511765,3,39.0,4.5,0.0,21.0
21,12.098714903153644,1,21.0,4.5,0.0,18.0
22,12.351118717304612,0,28.0,4.9,1.0,23.0
18,16.852118690780628,0,29.0,4.7,0.0,23.0
34,2.979599835600764,0,35.0,4.0,1.0,9.0
17,20.96865003561575,3,28.0,5.0,1.0,20.0
26,4.470286489434607,3,30.0,4.6,1.0,19.0
10,1.5368334425195926,0,28.0,4.6,0.0,11.0
26,3.064676862169093,0,38.0,4.9,0.0,9.0
24,7.762556904358444,0,31.0,4.8,0.0,22.0
21,14.04518868581413,1,27.0,4.6,1.0,18.0
41,12.580267822400963,1,33.0,4.7,1.0,18.0
42,4.544228016639666,3,33.0,4.1,1.0,20.0
22,3.087714229826543,0,33.0,4.3,1.0,8.0
33,13.788747286078188,1,31.0,4.2,1.0,17.0
18,1.5125177574805933,0,32.0,4.7,1.0,10.0
19,19.65875217196504,0,24.0,4.9,1.0,22.0
23,4.469310320115436,1,27.0,4.9,0.0,17.0
24,7.762092914972186,3,25.0,4.9,1.0,20.0
44,13.631449198481711,3,26.0,4.9,1.0,21.0
16,13.973947080769713,0,37.0,4.8,1.0,23.0
25,6.147404652636645,1,21.0,4.8,1.0,16.0
28,11.916705005077658,0,34.0,4.6,1.0,23.0
30,20.252959556511744,1,33.0,4.6,1.0,18.0
23,16.901828274275406,0,37.0,4.5,1.0,23.0
37,19.914688541860013,1,28.0,4.1,1.0,18.0
22,1.5203728379727393,0,35.0,4.7,1.0,10.0
29,12.098699936279857,0,31.0,4.7,1.0,23.0
26,10.867232952679457,1,25.0,4.9,0.0,18.0
34,7.6597039787034085,3,38.0,4.3,1.0,20.0
32,17.074256778794595,1,38.0,4.4,1.0,18.0
19,3.105133735234752,0,21.0,4.8,1.0,9.0
14,16.72253446733555,0,22.0,4.5,0.0,22.0
30,11.007734763744617,1,22.0,4.6,1.0,17.0
24,13.765756924309539,1,36.0,4.8,1.0,18.0
43,11.007734763744617,1,31.0,4.7,0.0,18.0
33,7.550511557032553,3,35.0,4.4,1.0,19.0
12,6.128899374764088,1,22.0,4.9,1.0,17.0
31,16.787644794386768,1,27.0,4.9,1.0,18.0
35,13.894916383849754,3,36.0,4.9,0.0,21.0
26,4.681596819866367,0,29.0,4.4,1.0,22.0
18,10.865409153294227,3,27.0,4.8,0.0,20.0
30,3.1051103947027285,2,25.0,4.8,1.0,11.0
12,7.790122649763986,3,28.0,4.5,1.0,19.0
34,7.7635043374686274,3,31.0,4.3,0.0,20.0
28,7.631714121877215,3,33.0,4.9,1.0,21.0
33,6.217689735000026,2,34.0,4.8,0.0,12.0
15,1.5203565961705499,0,39.0,4.9,0.0,9.0
10,7.719209968291268,0,26.0,4.8,1.0,22.0
39,14.0453730484291,3,36.0,4.4,1.0,19.0
23,9.435201537430714,3,27.0,4.6,1.0,19.0
43,16.15143830673408,3,37.0,4.2,1.0,21.0
27,7.649724402449684,3,33.0,4.7,1.0,21.0
36,4.65715978228187,1,31.0,4.8,1.0,18.0
17,6.117219095561938,1,33.0,4.6,0.0,16.0
19,7.343586910761913,3,38.0,4.6,0.0,20.0
15,7.8626681674103684,0,37.0,4.7,0.0,22.0
40,8.93786088183146,3,38.0,4.9,1.0,22.0
18,13.407238587856966,3,33.0,4.5,0.0,20.0
50,19.88997830374344,3,36.0,4.1,1.0,20.0
24,16.635451215537916,1,20.0,4.9,1.0,18.0
34,10.593965493047934,3,33.0,4.2,1.0,19.0
15,19.395102472533644,0,29.0,4.5,0.0,23.0
22,12.25701219409813,1,25.0,4.8,0.0,17.0
27,19.76218981785925,3,24.0,5.0,0.0,19.0
24,6.049765396707469,2,24.0,4.6,1.0,13.0
15,2.9797958851316784,0,31.0,4.8,1.0,10.0
29,4.674173521866281,0,30.0,4.3,1.0,23.0
21,19.87758403140865,0,25.0,4.7,1.0,23.0
37,17.0970739431768,3,36.0,4.6,1.0,21.0
26,10.906058503327221,0,35.0,4.8,1.0,23.0
32,7.790401204068506,3,30.0,4.9,1.0,21.0
21,7.790336733567704,3,28.0,5.0,1.0,21.0
29,9.314781588433535,3,31.0,4.6,1.0,20.0
28,6.232180611484166,2,34.0,4.7,0.0,12.0
20,12.580267822400963,0,32.0,4.8,1.0,22.0
20,4.537940846050908,3,38.0,4.8,1.0,19.0
25,9.348403522662325,0,34.0,4.1,0.0,22.0
47,7.5735237341835395,3,27.0,4.5,2.0,21.0
13,6.147215320061788,1,24.0,4.9,1.0,15.0
24,10.684082824870671,1,21.0,4.6,0.0,17.0
24,7.57343592001983,3,38.0,4.6,1.0,19.0
51,13.611254468563875,3,36.0,5.0,2.0,22.0
26,20.44292976252901,1,38.0,4.8,1.0,18.0
33,16.47660369434282,1,23.0,4.7,1.0,18.0
20,5.958771662511523,2,35.0,4.6,1.0,14.0
32,7.343593509992791,3,33.0,4.9,0.0,21.0
29,3.029527086813746,0,36.0,4.8,0.0,8.0
37,12.16161548161981,0,30.0,3.9,1.0,23.0
18,17.29786575291325,1,24.0,4.7,1.0,17.0
11,16.635820545592292,3,20.0,4.9,1.0,20.0
27,9.12210553959038,3,25.0,4.8,1.0,21.0
31,10.880935113345313,3,26.0,4.2,1.0,21.0
32,12.078017632301941,1,32.0,4.3,1.0,17.0
47,4.634551589453643,3,28.0,4.5,2.0,22.0
31,16.853347148215086,3,38.0,3.7,1.0,20.0
28,10.71321076429732,1,28.0,4.8,1.0,18.0
26,12.080074675503631,3,33.0,4.8,1.0,21.0
21,13.989852322089257,0,38.0,4.9,1.0,0.0
21,6.232152800668749,2,30.0,5.0,0.0,13.0
16,3.040665363317611,0,39.0,5.0,0.0,10.0
31,7.450285845946469,3,34.0,4.3,1.0,20.0
29,14.15280068944862,0,38.0,4.8,0.0,23.0
11,7.772430463816821,0,29.0,4.6,1.0,23.0
16,9.088078142011637,1,38.0,4.9,1.0,17.0
18,14.021848812228344,0,28.0,4.5,0.0,23.0
28,20.183799025948787,0,36.0,4.9,1.0,23.0
45,19.883251553020397,3,31.0,4.6,1.0,19.0
47,1.5367469794092732,2,29.0,4.4,1.0,11.0
25,9.327028546829316,1,21.0,4.7,1.0,18.0
26,7.648557947935138,3,21.0,4.6,1.0,21.0
38,4.6819181980021165,1,31.0,4.4,0.0,17.0
25,14.022096082518878,3,39.0,4.8,1.0,19.0
24,20.25378851608599,3,26.0,4.9,1.0,19.0
18,19.618968653878262,3,22.0,4.7,1.0,19.0
14,7.448626618603313,3,28.0,4.9,1.0,19.0
27,17.078029070273278,1,35.0,4.7,0.0,17.0
26,3.1161470193369545,0,39.0,4.1,0.0,9.0
27,13.611566722125085,1,25.0,4.9,1.0,18.0
15,4.663438748149055,1,25.0,4.8,0.0,18.0
39,16.90375725452544,3,37.0,4.5,2.0,20.0
32,20.44292976252901,1,25.0,4.4,1.0,17.0
42,13.971759900424741,3,34.0,4.1,1.0,21.0
19,14.043986316313523,1,22.0,4.6,1.0,18.0
19,13.407238587856966,3,23.0,4.6,1.0,20.0
32,20.85246594803466,1,39.0,4.9,1.0,18.0
25,1.552560983126433,0,35.0,4.6,1.0,9.0
43,13.97121661678327,3,31.0,4.5,1.0,19.0
21,12.580267822400963,0,34.0,4.9,1.0,22.0
10,4.674220356187267,0,22.0,4.6,0.0,0.0
12,1.5204186010643506,0,35.0,4.7,1.0,10.0
16,13.583460272389505,0,22.0,4.7,1.0,23.0
30,12.074047498027575,1,39.0,4.5,1.0,18.0
21,19.08960903186475,3,24.0,4.6,1.0,21.0
19,1.5299884479314707,0,34.0,4.7,0.0,10.0
40,10.254964515316598,3,37.0,4.6,1.0,20.0
27,13.428531141453059,3,21.0,4.9,1.0,21.0
38,12.100157238168938,3,31.0,4.4,1.0,20.0
27,7.60136893811491,0,34.0,4.9,1.0,22.0
26,16.659917302375398,0,36.0,4.8,1.0,23.0
29,7.448627554424398,0,33.0,4.3,1.0,22.0
25,7.600994631258685,0,35.0,4.3,0.0,23.0
11,9.17632585467143,0,22.0,4.6,0.0,23.0
23,20.886038531979626,0,24.0,4.6,0.0,23.0
22,1.5295062057776052,0,38.0,4.6,1.0,8.0
21,16.81997876421149,1,34.0,5.0,1.0,18.0
15,8.810838587370053,1,39.0,5.0,1.0,18.0
24,13.97191478756942,0,38.0,4.6,1.0,22.0
17,6.117725989708161,1,34.0,4.5,1.0,15.0
32,19.916274899797408,1,22.0,4.9,1.0,18.0
23,9.313021564639982,3,28.0,4.5,0.0,20.0
33,16.851875921653388,3,25.0,4.4,1.0,19.0
37,12.256076445468295,3,32.0,4.3,1.0,19.0
21,9.314030628228021,0,27.0,4.2,1.0,23.0
37,12.074281945769359,0,30.0,3.6,1.0,22.0
34,12.209940785785735,0,37.0,4.5,1.0,23.0
38,13.621026777728556,3,22.0,5.0,2.0,21.0
34,3.025344768407918,2,31.0,4.2,1.0,11.0
21,10.707144604562082,1,24.0,4.7,1.0,17.0
17,1.5324173514302288,0,27.0,4.4,1.0,9.0
15,12.256076445468295,3,26.0,4.9,1.0,19.0
10,6.29013467763468,1,23.0,4.9,0.0,16.0
36,10.565262855251525,3,33.0,4.5,1.0,19.0
19,7.562980271914233,0,23.0,4.6,1.0,22.0
15,3.1090243972299714,0,28.0,4.6,1.0,10.0
19,19.884989093916975,3,29.0,4.8,1.0,19.0
23,7.573429885020108,0,24.0,5.0,0.0,23.0
47,10.587819003215479,3,36.0,4.2,2.0,22.0
17,1.4883145491309553,0,29.0,4.9,1.0,8.0
15,9.059810564279417,0,36.0,4.5,0.0,23.0
21,12.237167878708663,0,22.0,4.7,1.0,23.0
12,4.469351491411031,3,21.0,4.7,0.0,19.0
23,9.435201537430714,0,37.0,4.8,0.0,23.0
16,6.08091814244962,1,36.0,4.8,1.0,15.0
38,6.218134914911527,1,38.0,4.6,1.0,15.0
29,9.193014472266961,3,25.0,4.9,1.0,19.0
42,13.968842021961057,3,38.0,4.1,1.0,21.0
43,16.6594405791231,3,37.0,4.3,2.0,21.0
21,4.657649165910802,0,35.0,4.8,0.0,23.0
31,9.219783818326418,1,39.0,4.0,1.0,17.0
19,1.5525820816228664,2,27.0,4.7,1.0,11.0
30,6.232403352170867,2,35.0,4.8,0.0,14.0
28,13.788957415778517,3,23.0,4.9,0.0,19.0
23,20.177742451194362,3,28.0,4.8,0.0,19.0
10,3.1051449132268645,0,25.0,4.5,0.0,8.0
33,16.600272418856072,3,35.0,4.2,1.0,21.0
25,9.363935309152732,3,33.0,4.9,0.0,20.0
29,6.12908533497929,2,24.0,4.6,1.0,14.0
19,1.5322753274864631,0,20.0,4.8,1.0,8.0
28,1.5125236323325255,2,38.0,4.9,1.0,11.0
27,7.6495063183287915,1,37.0,4.7,1.0,17.0
41,10.757014337994882,3,25.0,4.9,1.0,21.0
16,3.1051298892163754,0,26.0,4.1,1.0,8.0
23,1.536829311966258,0,26.0,4.8,1.0,9.0
13,9.31397992220267,1,24.0,4.8,0.0,18.0
17,6.218030984114243,2,21.0,4.7,1.0,13.0
44,13.583143866695133,1,36.0,4.5,2.0,19.0
16,16.41264959590889,3,28.0,4.7,0.0,19.0
25,1.5203682291094078,0,32.0,4.9,1.0,10.0
24,10.756955716295083,1,37.0,4.8,1.0,18.0
34,1.572533729286321,2,39.0,4.2,2.0,11.0
25,12.43523852372965,3,36.0,4.6,1.0,21.0
46,11.718719558712598,3,34.0,5.0,1.0,19.0
43,13.989146264477116,3,38.0,4.6,1.0,19.0
26,7.8626681674103684,3,32.0,4.8,1.0,21.0
48,11.916582838288104,3,25.0,4.7,1.0,19.0
12,1.5263928791727877,0,24.0,4.8,0.0,9.0
27,9.087980108212484,1,34.0,4.6,0.0,18.0
43,10.42999110860193,1,39.0,4.2,1.0,18.0
18,4.717601092054723,3,29.0,4.6,1.0,19.0
18,3.058551495341316,0,23.0,4.2,1.0,10.0
34,17.29786575291325,1,30.0,4.3,1.0,17.0
16,1.5522933461661421,2,20.0,4.6,1.0,11.0
19,4.395289295392975,3,26.0,4.5,0.0,19.0
18,1.5100862762865221,0,22.0,4.6,0.0,10.0
30,13.97194896017493,3,22.0,4.8,1.0,20.0
47,17.07661742698135,3,38.0,4.4,1.0,19.0
13,7.647092834675519,0,26.0,4.8,1.0,22.0
24,7.652510173139905,0,20.0,4.9,1.0,23.0
45,20.206226468830582,3,25.0,4.9,1.0,21.0
30,10.88107784923287,1,26.0,4.7,1.0,17.0
25,7.683332672259472,0,37.0,4.6,1.0,0.0
10,3.0643356747968533,0,34.0,5.0,0.0,8.0
21,4.537516076226438,3,39.0,4.6,1.0,19.0
17,10.683661785356074,1,21.0,5.0,0.0,18.0
20,1.572533729286321,0,23.0,4.0,1.0,10.0
42,14.04460087552295,3,35.0,4.9,1.0,20.0
37,12.075147204184725,1,20.0,4.4,1.0,17.0
30,16.384900933459228,1,23.0,5.0,1.0,18.0
14,6.209442398392529,2,28.0,4.7,1.0,14.0
21,7.546676276224336,3,31.0,4.6,0.0,20.0
21,5.874515354538112,1,39.0,4.8,1.0,17.0
18,12.42075005031367,1,30.0,4.6,1.0,18.0
26,1.572533729286321,0,35.0,4.7,1.0,9.0
17,1.5125562753617192,0,35.0,4.9,1.0,9.0
20,12.419850660252768,0,15.0,1.0,0.0,21.0
19,1.5295062057776052,0,24.0,4.5,0.0,9.0
25,13.766116995711348,3,20.0,4.6,1.0,21.0
21,12.293502674441413,0,25.0,4.8,1.0,22.0
19,7.325368489857699,0,30.0,5.0,0.0,23.0
13,4.464795317864735,1,24.0,4.8,1.0,18.0
29,4.663600819587387,1,26.0,4.8,1.0,17.0
28,9.220373067021216,1,20.0,4.6,1.0,17.0
30,4.537553114731602,3,24.0,4.8,1.0,20.0
18,19.615926964388624,0,24.0,4.7,0.0,23.0
27,17.09838855662463,0,30.0,4.9,1.0,23.0
22,10.72562572441868,0,30.0,4.9,1.0,22.0
15,17.076258901183188,3,22.0,4.7,0.0,20.0
47,17.29786575291325,1,36.0,4.1,1.0,17.0
29,13.97014466545326,0,33.0,4.6,1.0,0.0
25,13.612447554496786,0,38.0,4.8,1.0,23.0
27,10.86671605798691,3,27.0,4.5,0.0,21.0
31,12.294166376369665,1,39.0,4.5,1.0,18.0
19,7.790237052802913,3,31.0,4.8,0.0,21.0
48,12.075147204184725,3,35.0,4.1,1.0,21.0
36,13.589015006159281,3,35.0,4.3,1.0,19.0
33,19.61916749330441,1,39.0,4.6,1.0,18.0
11,3.145067434621583,0,28.0,4.6,0.0,9.0
28,3.1162880555409944,2,23.0,4.7,1.0,11.0
39,20.44292976252901,3,30.0,3.8,1.0,19.0
28,17.29786575291325,1,39.0,4.9,1.0,18.0
20,7.772430463816821,3,24.0,4.7,1.0,20.0
34,10.641490945494409,1,25.0,4.2,1.0,17.0
13,7.8626681674103684,3,27.0,4.7,1.0,19.0
21,10.564981870374336,3,23.0,5.0,1.0,21.0
23,6.128757701629757,1,20.0,4.9,0.0,15.0
15,7.648280480148492,3,32.0,4.9,0.0,21.0
40,19.760063712198686,1,38.0,4.9,1.0,17.0
14,1.520431947999248,0,23.0,4.5,1.0,8.0
38,5.958808071070684,2,34.0,4.9,1.0,12.0
35,8.940047176804278,1,31.0,4.8,1.0,18.0
24,13.788581570141362,0,23.0,4.6,1.0,22.0
23,13.968842021961057,0,36.0,4.5,0.0,23.0
38,16.72141633133003,3,38.0,4.3,1.0,19.0
10,1.5126859754657422,0,20.0,4.7,1.0,8.0
18,16.381598593369365,0,35.0,4.9,0.0,23.0
24,19.894269594418525,1,35.0,4.7,0.0,17.0
38,14.022253362357834,1,34.0,4.6,1.0,18.0
37,12.255817809722814,3,28.0,5.0,1.0,19.0
18,3.0190991967411747,0,34.0,4.9,0.0,9.0
16,4.560926278066122,3,33.0,4.7,1.0,22.0
17,1.5525879817947141,0,20.0,4.7,1.0,11.0
46,12.116905670047105,3,36.0,4.6,0.0,21.0
34,4.528282400326012,1,33.0,4.1,1.0,17.0
17,7.567723422336862,3,31.0,4.7,0.0,19.0
20,1.55813398149798,0,27.0,4.3,1.0,8.0
29,9.326827803405624,1,23.0,5.0,0.0,17.0
13,1.4687249859622196,0,27.0,4.5,0.0,10.0
12,3.0597099613184353,0,29.0,4.9,1.0,8.0
47,6.081440797008078,2,35.0,4.1,2.0,12.0
38,16.849939918016492,0,27.0,2.7,0.0,22.0
13,1.55255331684981,2,25.0,4.6,0.0,11.0
34,9.326616348118742,1,39.0,4.8,0.0,18.0
18,4.717601092054723,0,20.0,4.8,1.0,22.0
19,3.145067434621583,2,21.0,4.6,0.0,11.0
30,17.29786575291325,1,24.0,4.5,1.0,18.0
17,6.210605364096597,1,34.0,5.0,0.0,15.0
27,19.659851482292062,3,22.0,4.6,0.0,21.0
44,13.611544388190575,3,29.0,4.6,1.0,19.0
25,16.384334344092046,1,24.0,4.7,1.0,17.0
38,11.919595217848318,3,20.0,4.8,2.0,20.0
19,8.937919334801594,0,22.0,5.0,1.0,22.0
29,4.579062734595836,1,39.0,4.7,1.0,18.0
15,9.055848504226429,0,37.0,4.9,1.0,23.0
15,16.852241972645782,0,26.0,4.8,0.0,22.0
20,3.1089883297657854,0,35.0,4.9,0.0,9.0
22,20.25510293833981,0,28.0,4.6,1.0,22.0
40,11.007734763744617,3,28.0,4.6,1.0,19.0
28,20.18269322461139,0,21.0,4.8,1.0,23.0
19,1.5448861219871521,0,22.0,4.7,0.0,9.0
17,5.9528620675053885,1,33.0,4.8,0.0,16.0
29,3.025079987314703,2,30.0,4.9,1.0,11.0
25,4.539068203248638,1,29.0,4.5,1.0,18.0
23,17.137414711878986,0,21.0,4.8,1.0,23.0
22,1.560671234748265,0,36.0,4.8,1.0,10.0
26,10.88107784923287,3,25.0,4.5,1.0,21.0
33,20.20634489518928,3,36.0,4.3,1.0,19.0
26,10.906039889040942,0,38.0,5.0,1.0,22.0
19,7.66031691183285,0,20.0,4.1,1.0,22.0
25,10.280254963482271,1,37.0,4.9,1.0,17.0
20,12.463941144204773,0,33.0,4.7,1.0,22.0
22,20.25292440884735,0,30.0,4.5,1.0,23.0
44,12.465199139446781,3,39.0,3.8,0.0,21.0
33,12.09937442336077,1,38.0,4.3,1.0,18.0
25,12.417907729746302,0,15.0,1.0,0.0,21.0
38,13.971759900424741,3,25.0,4.7,1.0,21.0
46,12.074114327172765,3,37.0,4.7,1.0,19.0
26,7.6461047483215205,3,37.0,4.9,1.0,20.0
20,8.937919334801594,3,25.0,4.6,0.0,21.0
33,9.193014472266961,1,32.0,4.4,0.0,18.0
29,7.761768725951355,1,34.0,4.6,0.0,17.0
22,19.661098170299198,0,32.0,4.9,1.0,22.0
36,12.35263985896029,3,20.0,5.0,1.0,20.0
32,10.711185800959656,3,31.0,4.3,1.0,20.0
43,11.007734763744617,0,30.0,4.1,0.0,23.0
15,7.7626058902454,0,21.0,4.8,1.0,23.0
13,7.762500242365753,0,26.0,4.8,0.0,0.0
43,17.16591503105296,3,30.0,4.4,0.0,21.0
18,19.882650147415998,1,38.0,4.9,1.0,18.0
20,4.663439017652667,0,26.0,4.6,0.0,22.0
19,20.44292976252901,1,26.0,4.9,0.0,18.0
21,3.1048037532854496,0,34.0,4.9,0.0,10.0
29,4.63237797773287,3,31.0,4.7,1.0,19.0
25,12.435806041180756,1,22.0,4.5,1.0,18.0
40,10.757499697083244,3,30.0,4.9,1.0,20.0
22,1.513575326884487,2,23.0,5.0,1.0,11.0
32,12.09893438000095,1,39.0,4.6,0.0,17.0
26,4.560928430651938,1,30.0,5.0,0.0,17.0
39,13.583332471810195,3,23.0,4.6,1.0,21.0
35,9.313528459380548,3,33.0,4.0,2.0,19.0
47,20.848074005447355,1,32.0,4.6,2.0,18.0
17,1.536828545242727,0,36.0,4.6,0.0,9.0
39,10.806365520889612,1,34.0,4.3,2.0,18.0
54,10.254493561950978,3,30.0,4.2,1.0,19.0
28,7.8626681674103684,3,27.0,4.7,1.0,19.0
36,14.15280068944862,1,21.0,4.9,1.0,18.0
43,19.976644021152854,3,35.0,4.9,0.0,20.0
23,3.025344768407918,0,38.0,5.0,0.0,8.0
23,19.760063712198686,1,20.0,4.6,0.0,18.0
26,19.359307695550992,3,28.0,4.8,1.0,19.0
17,6.105261700694802,1,39.0,4.8,0.0,17.0
27,13.610877575672198,3,23.0,4.6,1.0,21.0
31,7.60136893811491,3,36.0,4.3,1.0,19.0
22,13.972191759503005,1,38.0,4.8,0.0,18.0
34,5.860576894909141,1,34.0,4.6,1.0,15.0
46,1.5094402621798344,2,39.0,4.1,1.0,11.0
37,6.210946741810896,2,35.0,5.0,1.0,14.0
31,10.705622903496973,3,24.0,4.2,0.0,19.0
16,1.558114851289754,0,35.0,4.8,1.0,8.0
19,9.181151801248024,1,25.0,4.9,1.0,18.0
24,9.435201537430714,0,23.0,4.1,1.0,23.0
25,4.560890658020926,1,32.0,5.0,1.0,18.0
18,16.11364371445673,1,21.0,4.5,1.0,17.0
19,3.0644857806760535,2,24.0,4.7,1.0,11.0
11,1.5322753274864631,0,29.0,4.9,0.0,10.0
22,10.255054073729376,0,21.0,4.7,0.0,23.0
31,10.433242609954101,1,31.0,4.2,1.0,17.0
34,4.656557579510365,3,33.0,5.0,1.0,19.0
44,19.890514223034963,0,33.0,4.9,0.0,22.0
31,10.711185800959656,1,21.0,4.0,0.0,17.0
11,9.326725258722023,0,23.0,4.6,1.0,22.0
15,6.147106622705506,1,25.0,4.9,0.0,15.0
47,7.573406195224182,3,33.0,4.1,1.0,21.0
22,1.5367917694809952,0,30.0,4.3,0.0,8.0
21,6.050486021641428,2,24.0,4.8,1.0,13.0
41,19.395184495163445,3,35.0,5.0,0.0,19.0
21,20.177913041348635,3,21.0,4.7,1.0,21.0
11,10.866360907886408,0,27.0,4.8,0.0,23.0
43,10.562878909252845,3,23.0,4.9,1.0,21.0
34,10.723264172167632,3,37.0,4.4,1.0,19.0
10,6.0589191822901425,2,24.0,4.7,0.0,12.0
17,2.9845507897866907,0,22.0,4.7,1.0,10.0
14,1.5297232853100244,2,20.0,4.8,0.0,11.0
42,16.72115728076054,3,31.0,4.6,1.0,19.0
26,4.59595027478907,3,20.0,4.7,1.0,21.0
12,7.601870282547478,1,22.0,4.6,0.0,17.0
34,12.463970105023904,3,36.0,3.5,1.0,19.0
23,20.206226468830582,0,26.0,4.7,1.0,22.0
28,1.5321547990764786,0,34.0,4.9,0.0,11.0
10,7.563061700786155,3,20.0,4.8,0.0,21.0
28,7.762500242365753,3,27.0,4.9,1.0,20.0
33,6.117219095561938,2,32.0,4.7,0.0,13.0
13,1.572533729286321,0,24.0,4.8,0.0,10.0
22,13.40635545530559,3,28.0,4.5,1.0,21.0
22,6.29013467763468,1,37.0,4.7,0.0,15.0
31,10.68381768826188,0,38.0,3.8,1.0,23.0
19,9.177683834695673,1,39.0,4.6,1.0,18.0
51,6.037474189824093,2,20.0,4.5,1.0,13.0
37,11.007734763744617,3,35.0,4.9,1.0,20.0
46,4.674341511234465,3,34.0,4.2,1.0,21.0
18,7.546800541055753,0,36.0,4.9,1.0,23.0
21,17.078665498349437,0,29.0,4.6,1.0,0.0
20,3.1161417126181274,2,25.0,4.8,1.0,11.0
35,5.958831946914462,1,36.0,4.3,2.0,15.0
19,6.210168035777162,1,20.0,4.6,1.0,15.0
17,16.721976048741215,0,21.0,4.8,0.0,22.0
30,10.756895455613911,1,31.0,4.8,1.0,19.0
29,10.642292301678436,0,33.0,4.7,1.0,22.0
21,9.182882169250194,0,37.0,4.1,1.0,23.0
25,4.610365144357058,1,30.0,4.8,0.0,18.0
43,19.34391143623222,3,26.0,4.9,2.0,19.0
13,3.0735433636637475,0,21.0,5.0,0.0,8.0
14,10.602450942886513,0,24.0,4.7,0.0,22.0
25,10.724750462255022,0,31.0,4.6,1.0,22.0
17,13.97191478756942,0,21.0,4.8,1.0,23.0
25,3.0733972976360437,2,37.0,5.0,1.0,12.0
35,9.121049806498666,1,36.0,4.3,1.0,18.0
32,9.075352487619899,3,23.0,4.4,1.0,19.0
38,10.707144604562082,3,25.0,4.6,1.0,21.0
37,13.584306064167167,3,34.0,5.0,1.0,21.0
34,20.181059137197778,1,31.0,4.0,0.0,18.0
23,3.040539883060508,0,34.0,4.7,1.0,8.0
36,14.022182614282947,3,31.0,3.7,1.0,19.0
18,6.081389116676368,2,27.0,4.9,1.0,12.0
24,4.595940524023754,3,22.0,4.8,1.0,20.0
28,5.958771662511523,2,26.0,4.7,1.0,13.0
18,7.600983953739401,0,30.0,4.9,1.0,23.0
26,17.29786575291325,3,26.0,4.7,0.0,21.0
39,4.5609611913435995,3,22.0,5.0,0.0,21.0
26,7.447061074885405,3,24.0,4.9,0.0,20.0
16,1.572533729286321,0,39.0,4.9,0.0,10.0
17,6.210045163136143,1,29.0,5.0,0.0,15.0
27,10.444390862228435,3,27.0,5.0,1.0,20.0
39,20.887611087467715,0,39.0,3.7,1.0,22.0
11,3.121275740853258,0,36.0,4.8,1.0,8.0
35,7.66052012420465,3,37.0,4.3,1.0,21.0
28,4.631964404415083,1,30.0,5.0,0.0,18.0
19,1.4897343062370803,2,27.0,4.5,1.0,11.0
16,1.5321262845594088,0,21.0,4.5,1.0,9.0
15,19.976644021152854,0,26.0,5.0,0.0,22.0
21,7.44864451602914,0,33.0,4.3,1.0,23.0
16,8.942954308598226,1,38.0,4.7,1.0,17.0
31,17.09799694004444,1,30.0,4.4,1.0,18.0
31,3.1161417126181274,0,37.0,4.2,0.0,8.0
19,20.44292976252901,0,27.0,4.6,1.0,22.0
23,14.15280068944862,1,30.0,4.9,0.0,18.0
15,1.5125177574805933,0,22.0,4.9,1.0,8.0
34,6.232189890723436,1,39.0,4.6,0.0,16.0
15,10.865409153294227,3,28.0,4.7,0.0,21.0
32,6.2101379656240985,1,34.0,4.3,1.0,15.0
23,8.93778311563518,0,22.0,4.9,1.0,22.0
27,1.520455689583788,2,27.0,4.9,0.0,11.0
21,7.772253320446165,1,22.0,4.5,0.0,18.0
46,17.076258901183188,3,39.0,4.4,1.0,19.0
30,13.78848075238715,1,39.0,4.6,0.0,17.0
34,12.293207925868513,3,36.0,4.2,1.0,21.0
23,4.674393132741051,3,32.0,4.5,1.0,19.0
25,7.601304456856061,3,31.0,4.7,1.0,20.0
37,20.178893713604634,1,25.0,4.0,0.0,18.0
30,9.07437751153265,1,36.0,4.8,0.0,17.0
22,1.4652507248457556,0,39.0,4.8,0.0,9.0
37,10.565032566504131,1,25.0,4.4,1.0,18.0
12,3.0645346577473593,0,34.0,4.9,1.0,9.0
39,10.602589325657691,3,36.0,4.1,1.0,19.0
15,4.674280112157379,1,26.0,4.9,0.0,17.0
18,4.406208261254294,0,22.0,4.5,0.0,23.0
36,13.588908817419535,3,39.0,4.2,2.0,21.0
26,9.075423573606574,3,26.0,4.9,1.0,19.0
31,6.040034059163726,2,34.0,4.3,1.0,13.0
35,19.658828717454107,0,35.0,4.5,1.0,23.0
10,6.117219095561938,1,21.0,4.8,1.0,16.0
12,2.9765992950452818,0,29.0,4.9,1.0,10.0
43,12.074047498027575,1,29.0,4.8,1.0,18.0
15,1.529162766029632,0,20.0,4.8,1.0,9.0
36,20.071646721865925,1,33.0,4.2,2.0,17.0
17,10.756770071391887,0,27.0,4.6,1.0,23.0
25,17.29786575291325,0,30.0,4.8,1.0,23.0
14,1.5321262845594088,0,22.0,4.8,1.0,9.0
22,16.63651695459671,0,25.0,4.8,1.0,22.0
21,6.210169290102755,2,25.0,4.9,1.0,14.0
28,10.564981870374336,0,20.0,4.9,0.0,23.0
33,19.08722804529813,1,33.0,4.4,1.0,18.0
16,11.917779612813971,3,31.0,4.6,0.0,19.0
36,13.99001950805727,0,35.0,4.9,1.0,23.0
22,12.253528674537144,3,24.0,4.8,1.0,19.0
38,10.64157247728437,1,27.0,4.8,2.0,17.0
37,6.037193175494637,2,22.0,5.0,0.0,12.0
26,10.905970180191666,0,20.0,4.7,1.0,23.0
16,3.116121839413475,0,22.0,4.6,1.0,8.0
47,13.789485363023294,1,37.0,4.1,0.0,17.0
46,11.007734763744617,3,36.0,4.8,1.0,20.0
24,6.146764727341459,2,24.0,4.8,1.0,12.0
38,20.44292976252901,0,36.0,4.9,1.0,0.0
17,7.684129284114673,1,26.0,4.9,1.0,17.0
40,12.11684826095673,1,31.0,4.5,2.0,18.0
17,3.0882880256844834,0,20.0,4.6,0.0,9.0
32,3.1050835221086417,2,32.0,4.2,1.0,11.0
16,4.537418110277337,1,32.0,4.7,1.0,18.0
20,1.5526929456613006,0,38.0,4.5,1.0,9.0
41,4.681791331017202,3,30.0,4.7,1.0,21.0
42,10.586910515510665,3,20.0,4.0,2.0,19.0
33,9.192496429758329,3,37.0,4.1,0.0,19.0
19,14.15280068944862,3,28.0,4.7,1.0,19.0
10,7.771834302405086,3,27.0,4.9,0.0,19.0
32,7.659687719505771,1,32.0,4.9,0.0,17.0
37,19.36342948174777,1,36.0,4.0,1.0,17.0
19,3.1053699758611546,0,24.0,4.6,1.0,10.0
17,3.0585736588579726,0,23.0,4.5,1.0,10.0
30,8.95313151168836,3,32.0,4.7,1.0,20.0
37,16.722548420715,1,31.0,4.1,0.0,17.0
41,13.185609350843647,3,34.0,5.0,1.0,20.0
26,14.15280068944862,3,21.0,4.7,1.0,20.0
32,4.657987774595949,3,20.0,4.4,1.0,20.0
13,9.121375406203297,1,26.0,4.7,0.0,18.0
34,10.587929946825927,1,39.0,4.8,1.0,18.0
29,1.558137239175215,2,39.0,4.7,1.0,11.0
30,13.21731386474103,1,36.0,4.8,1.0,18.0
21,4.681601685199838,0,35.0,4.7,0.0,23.0
26,19.97456846935303,3,37.0,5.0,1.0,21.0
10,16.636808584025776,3,27.0,4.8,0.0,19.0
26,1.465122557159026,2,32.0,4.8,1.0,11.0
30,13.215481259999029,3,36.0,4.6,0.0,19.0
16,7.648557947935138,1,39.0,4.5,0.0,17.0
35,20.44292976252901,1,28.0,4.8,2.0,18.0
30,16.3938118808,0,33.0,4.8,1.0,23.0
51,20.205788522337425,3,35.0,4.7,2.0,19.0
44,14.15280068944862,1,39.0,4.9,1.0,18.0
17,4.544228016639666,1,28.0,4.8,0.0,17.0
15,1.5203573134022046,0,30.0,4.7,0.0,9.0
17,9.175127291638498,1,39.0,4.8,0.0,18.0
13,11.91657558009644,0,24.0,4.5,0.0,22.0
15,13.762754362295334,3,26.0,4.5,1.0,19.0
20,3.105133735234752,0,32.0,4.2,0.0,9.0
14,1.5322206834602052,0,27.0,4.5,0.0,9.0
20,4.528162065607132,3,22.0,4.9,0.0,19.0
23,4.6575909554297805,3,20.0,4.6,1.0,19.0
17,4.717601092054723,1,29.0,4.9,0.0,18.0
20,4.657672650623545,0,30.0,4.8,1.0,22.0
11,13.40589201844524,0,22.0,4.7,0.0,22.0
12,1.5545020843140125,0,22.0,4.6,1.0,11.0
22,1.532229188735096,0,36.0,5.0,1.0,9.0
25,10.865065738215941,3,24.0,4.7,1.0,20.0
26,19.362825446415226,3,36.0,4.9,1.0,19.0
22,4.65734737800111,1,38.0,4.9,0.0,18.0
17,10.602497166339631,0,24.0,4.8,0.0,23.0
27,4.530103329085554,3,26.0,4.7,1.0,20.0
33,6.105310401829539,1,33.0,4.6,1.0,15.0
15,9.348356419300423,3,22.0,4.9,1.0,19.0
26,16.72211837577326,0,36.0,5.0,1.0,22.0
19,3.0644871057616707,0,32.0,5.0,0.0,11.0
33,17.098467518755893,3,31.0,3.6,1.0,20.0
18,2.9962420081483025,0,37.0,4.8,0.0,10.0
43,17.098467518755893,3,31.0,4.4,1.0,19.0
44,10.867258681532135,3,36.0,4.6,1.0,21.0
20,1.5136443701721216,2,25.0,4.8,0.0,11.0
21,7.763183552897837,1,25.0,4.7,1.0,17.0
53,19.879870677373706,3,35.0,4.5,3.0,19.0
25,3.024984591596264,0,37.0,4.8,1.0,10.0
22,3.1049287712304117,0,32.0,4.9,1.0,8.0
34,7.562317945109334,3,36.0,4.1,1.0,19.0
39,11.007734763744617,0,37.0,4.3,2.0,22.0
25,9.17813837505589,3,25.0,4.7,1.0,19.0
16,7.7626058902454,1,23.0,4.7,0.0,18.0
26,17.138074588551884,3,22.0,4.7,0.0,19.0
32,16.847895631642253,0,32.0,3.6,1.0,23.0
35,13.40647565433019,0,34.0,4.4,1.0,23.0
29,11.719793996060906,3,35.0,4.6,1.0,20.0
12,6.037614687084906,1,22.0,4.6,1.0,16.0
20,19.042576813838778,0,31.0,4.8,0.0,22.0
19,1.554543733521478,0,26.0,4.4,1.0,10.0
33,3.108983787513406,2,38.0,4.2,2.0,11.0
32,2.979502850576494,2,39.0,4.2,1.0,11.0
40,10.80810834240692,0,32.0,4.7,1.0,22.0
36,10.906414500350794,3,33.0,4.2,1.0,22.0
15,7.7626058902454,0,24.0,4.8,0.0,22.0
31,17.09799694004444,1,24.0,4.4,1.0,17.0
23,7.761768725951355,0,34.0,5.0,0.0,23.0
13,7.802542492622378,3,29.0,4.9,1.0,21.0
20,14.15280068944862,0,32.0,4.9,0.0,23.0
19,13.405971717381743,1,29.0,4.8,1.0,17.0
25,3.0249963435107836,0,39.0,4.6,1.0,8.0
17,3.0593634547239317,0,36.0,4.9,1.0,9.0
32,17.077949437324616,0,33.0,3.1,2.0,22.0
19,6.217689154531592,1,22.0,4.7,1.0,15.0
30,9.435201537430714,3,36.0,4.7,1.0,20.0
48,11.007734763744617,3,38.0,4.9,1.0,19.0
20,6.058825169286296,2,28.0,4.9,1.0,13.0
17,3.0407902113990954,0,38.0,4.7,0.0,9.0
13,6.037440799484659,2,20.0,4.5,0.0,12.0
28,7.601385733164932,3,28.0,4.8,1.0,20.0
18,16.903843893839564,0,27.0,4.5,1.0,22.0
33,6.29013467763468,2,33.0,4.0,1.0,14.0
29,12.116895848186626,0,34.0,4.6,1.0,23.0
29,7.76260023979039,3,28.0,4.6,1.0,20.0
25,3.0188245695177898,2,22.0,4.7,1.0,12.0
26,3.1091344143312867,0,34.0,4.6,1.0,9.0
39,13.76685500858734,3,34.0,4.0,2.0,21.0
28,9.435201537430714,3,31.0,4.6,1.0,20.0
28,9.220368460607467,3,38.0,4.9,1.0,19.0
36,6.210169290102755,2,34.0,4.6,1.0,14.0
19,16.38598063528554,1,22.0,4.8,1.0,18.0
30,6.058825169286296,2,33.0,4.7,1.0,14.0
43,11.919595217848318,3,36.0,4.5,0.0,20.0
11,9.31563208704705,0,24.0,4.9,0.0,22.0
34,1.4897343062370803,2,32.0,4.6,1.0,11.0
27,7.7725232004434295,1,28.0,4.6,0.0,18.0
39,16.852444613264275,1,31.0,4.7,1.0,17.0
15,9.157560325759388,1,38.0,4.8,0.0,18.0
31,9.363281285466348,3,34.0,4.1,1.0,19.0
43,10.724960763776828,3,24.0,4.7,0.0,21.0
30,9.315069177421892,3,39.0,4.9,1.0,19.0
39,4.610367445745056,3,30.0,4.4,2.0,19.0
16,16.903843893839564,0,36.0,4.9,1.0,22.0
38,11.007734763744617,1,28.0,4.8,1.0,19.0
23,4.682081538285076,1,32.0,4.8,0.0,18.0
16,9.193021332844554,0,22.0,4.9,1.0,23.0
21,9.121499067661924,3,34.0,4.8,0.0,21.0
29,12.099096916817198,0,37.0,4.9,1.0,23.0
24,19.916274899797408,3,26.0,4.8,0.0,21.0
18,20.20631641648197,1,36.0,4.8,1.0,17.0
26,10.923515441756813,1,21.0,4.6,1.0,17.0
40,13.973727486522968,3,34.0,4.3,2.0,20.0
43,16.38489468676721,3,24.0,4.3,1.0,20.0
10,7.649724402449684,1,25.0,4.9,0.0,17.0
28,1.4653274494287283,2,38.0,4.8,1.0,11.0
42,12.580267822400963,3,37.0,5.0,2.0,19.0
36,13.787603106955784,1,37.0,4.9,2.0,17.0
24,4.4684124412647535,1,25.0,4.7,1.0,17.0
24,9.179276688028636,0,26.0,4.3,0.0,23.0
25,6.128363939648455,2,33.0,4.5,0.0,13.0
23,2.979410112022739,0,34.0,4.5,0.0,9.0
29,7.8626681674103684,3,37.0,4.5,1.0,20.0
47,20.96874893995171,3,35.0,4.2,1.0,20.0
29,20.857115324129595,3,20.0,4.8,1.0,21.0
27,16.65990378949706,3,23.0,4.6,1.0,19.0
11,7.660678233235288,3,29.0,4.8,0.0,19.0
22,4.657195393807058,0,24.0,4.8,0.0,23.0
11,9.121796528794311,1,26.0,4.7,0.0,18.0
19,7.562364213495008,0,26.0,4.7,1.0,22.0
26,11.007734763744617,1,33.0,4.9,0.0,18.0
27,13.413644078076244,3,26.0,4.9,1.0,19.0
25,7.772596236164787,1,34.0,4.8,1.0,18.0
11,13.76685500858734,0,23.0,4.8,1.0,22.0
19,20.44292976252901,0,28.0,5.0,0.0,23.0
10,12.293502674441413,1,25.0,4.7,1.0,17.0
29,11.916994721599236,3,37.0,5.0,0.0,21.0
25,4.537922749289298,3,31.0,5.0,1.0,19.0
29,20.253686339517458,3,27.0,4.5,0.0,21.0
22,20.44292976252901,0,32.0,4.8,1.0,0.0
38,10.704238934519315,3,36.0,4.2,2.0,20.0
15,3.0645104714747093,0,36.0,5.0,0.0,9.0
44,9.348493190107364,3,36.0,4.6,1.0,19.0
27,9.175565157006737,3,24.0,4.7,1.0,21.0
19,7.8626681674103684,0,36.0,4.7,1.0,23.0
39,12.162115936702182,3,23.0,4.0,1.0,20.0
21,12.160999124282084,0,20.0,4.9,1.0,22.0
10,4.528162065607132,1,28.0,4.7,0.0,18.0
18,13.61128304620412,1,27.0,4.8,1.0,17.0
28,6.29013467763468,2,21.0,4.7,0.0,15.0
54,20.44292976252901,3,34.0,4.6,2.0,20.0
21,4.537400479091801,1,26.0,4.7,1.0,17.0
19,13.894095776997974,3,29.0,4.7,0.0,19.0
37,13.973207156405252,0,39.0,4.3,1.0,23.0
10,3.1089881501684506,0,20.0,4.6,1.0,10.0
30,19.042595484787427,3,21.0,4.6,1.0,19.0
17,9.435201537430714,1,31.0,4.6,0.0,17.0
24,3.116455382882508,2,22.0,4.9,1.0,11.0
20,13.405971717381743,3,20.0,4.9,0.0,21.0
12,3.040688634015558,0,20.0,4.7,0.0,10.0
14,1.5126165219141463,0,25.0,5.0,0.0,8.0
26,13.989450296958767,3,27.0,4.9,1.0,20.0
23,1.5321890925569548,0,36.0,4.9,1.0,9.0
33,4.657857733630665,3,35.0,4.2,1.0,21.0
28,1.5125158890828319,2,25.0,4.7,0.0,11.0
39,10.641581256626232,1,28.0,4.7,1.0,18.0
35,16.601433047701192,3,26.0,4.2,1.0,19.0
25,3.1089751947120248,2,34.0,4.6,1.0,11.0
35,13.972036025783177,1,34.0,3.9,2.0,18.0
29,16.849939918016492,1,36.0,5.0,0.0,17.0
26,4.561152341209805,1,30.0,4.6,1.0,18.0
42,14.15280068944862,3,35.0,5.0,1.0,20.0
22,19.91703823583007,0,35.0,4.6,1.0,22.0
15,3.0405415100027917,2,39.0,5.0,1.0,11.0
52,16.113665369962842,3,34.0,4.7,0.0,21.0
13,2.979763497462109,2,29.0,4.7,1.0,11.0
25,20.554900100243984,3,31.0,4.9,0.0,19.0
21,12.16161548161981,0,24.0,4.6,1.0,22.0
45,12.420750390870612,3,37.0,4.7,2.0,19.0
20,3.0186634483528856,2,22.0,4.6,1.0,11.0
15,20.206226468830582,1,29.0,4.6,1.0,18.0
21,5.958847028253639,1,22.0,4.7,0.0,16.0
28,4.674333788013509,1,21.0,5.0,1.0,17.0
26,16.635451215537916,3,24.0,4.7,1.0,19.0
18,4.65713301884333,0,24.0,5.0,1.0,23.0
36,10.865675782880029,0,39.0,5.0,0.0,23.0
40,16.849939918016492,3,33.0,4.2,1.0,20.0
39,10.86671605798691,3,38.0,3.6,1.0,20.0
38,11.91657558009644,1,31.0,5.0,1.0,18.0
32,16.8253834049009,0,33.0,4.4,1.0,22.0
27,9.220449825751995,3,31.0,4.7,1.0,20.0
33,6.058876303739157,2,30.0,4.6,2.0,14.0
37,10.757014337994882,1,39.0,3.9,1.0,18.0
27,9.435201537430714,3,25.0,4.6,1.0,21.0
43,16.413159711098032,1,26.0,5.0,1.0,18.0
21,11.718719558712598,0,20.0,4.8,0.0,22.0
19,9.075387359616569,1,29.0,4.8,1.0,17.0
15,20.177742451194362,0,20.0,4.9,1.0,22.0
12,1.5439076805320382,0,25.0,4.5,0.0,10.0
18,3.0253210909321173,2,27.0,4.8,0.0,11.0
30,10.723286946137813,3,38.0,4.6,1.0,20.0
18,10.44473202905882,3,22.0,4.7,0.0,20.0
16,7.54626481457244,0,39.0,4.7,0.0,23.0
32,7.660692882261043,3,22.0,4.9,0.0,21.0
32,1.5368020663947328,2,35.0,4.8,0.0,11.0
15,3.0736169345596607,0,21.0,5.0,1.0,10.0
27,16.476563169103887,1,38.0,4.9,0.0,17.0
17,3.025345653222032,0,39.0,4.9,1.0,8.0
48,12.580267822400963,1,32.0,4.9,3.0,17.0
40,12.103166363270562,1,31.0,4.6,0.0,18.0
33,16.659979129063025,1,35.0,4.2,1.0,17.0
32,13.582511011042971,1,21.0,4.1,2.0,18.0
22,19.65875217196504,1,25.0,4.8,1.0,17.0
26,16.11387241182587,1,21.0,5.0,1.0,18.0
34,7.562364213495008,3,39.0,4.4,1.0,21.0
24,7.660205777239119,1,20.0,4.6,0.0,17.0
23,4.590771505102242,3,21.0,4.9,1.0,19.0
18,13.682048188061888,0,34.0,4.8,0.0,23.0
28,13.763778584951167,0,30.0,4.6,1.0,22.0
27,1.4899271643865588,0,28.0,4.5,1.0,10.0
21,9.363623288888856,3,26.0,4.6,0.0,20.0
27,11.983431370375916,3,30.0,4.8,0.0,19.0
14,1.5136457231088551,0,29.0,4.8,0.0,11.0
12,3.025061641856169,2,27.0,4.7,0.0,11.0
50,10.880935113345313,3,37.0,4.8,1.0,20.0
27,12.09937442336077,1,29.0,4.9,1.0,18.0
35,17.078029070273278,1,22.0,4.3,1.0,17.0
37,19.975808791439345,3,29.0,4.1,1.0,19.0
18,12.162428272788048,1,23.0,5.0,0.0,17.0
23,7.562333809640329,0,31.0,4.6,0.0,23.0
32,12.29354192492578,1,23.0,4.3,1.0,18.0
32,6.1462436583934315,2,34.0,4.8,1.0,12.0
21,12.293502674441413,0,21.0,4.5,1.0,23.0
31,19.66102221350665,3,22.0,4.1,1.0,20.0
24,13.681056958913906,0,35.0,4.8,1.0,23.0
38,17.29786575291325,1,30.0,4.3,1.0,17.0
24,13.682164847733755,3,24.0,4.5,1.0,21.0
13,3.105133735234752,0,24.0,4.8,1.0,9.0
31,13.989146264477116,3,32.0,3.9,1.0,20.0
42,19.976095320024395,3,33.0,4.5,2.0,20.0
25,7.790525266841046,0,36.0,4.7,1.0,22.0
16,1.468846854978912,0,32.0,4.7,1.0,8.0
11,6.058923147526397,2,28.0,4.8,0.0,13.0
10,6.058853851669116,2,25.0,4.7,0.0,14.0
15,7.772241719523235,0,50.0,6.0,0.0,21.0
16,9.268782493955198,0,37.0,4.5,0.0,23.0
33,3.0190991967411747,2,38.0,4.3,1.0,11.0
20,13.406473968860336,3,26.0,4.8,1.0,20.0
22,11.007734763744617,0,30.0,4.7,1.0,22.0
26,7.790125828454116,0,31.0,4.9,0.0,22.0
15,7.660582694185052,0,20.0,4.6,0.0,23.0
21,10.923515441756813,1,39.0,4.7,1.0,17.0
44,7.772207463584183,3,36.0,4.0,2.0,19.0
39,19.395445581358487,1,20.0,4.0,1.0,17.0
25,4.588360239493078,1,26.0,4.9,1.0,18.0
25,4.494166054627451,3,37.0,4.7,1.0,21.0
24,3.0736336615831137,0,30.0,4.5,1.0,10.0
21,12.1610162189127,1,28.0,5.0,1.0,17.0
18,5.958965689667193,1,27.0,4.8,0.0,15.0
35,14.022268860182423,3,23.0,4.6,0.0,19.0
19,6.0811084845161325,1,26.0,4.6,0.0,15.0
23,16.851359915661256,0,28.0,4.7,1.0,23.0
26,3.026096197898999,0,34.0,4.7,1.0,9.0
10,7.46108739309324,0,23.0,4.9,0.0,22.0
27,12.580267822400963,0,22.0,4.6,1.0,0.0
25,7.573470125639189,3,27.0,4.7,1.0,21.0
16,3.058924545938562,0,30.0,4.7,1.0,10.0
24,7.8626681674103684,1,28.0,4.6,1.0,18.0
23,17.09819699771769,0,26.0,4.7,0.0,23.0
23,6.080882967594328,2,27.0,4.8,0.0,12.0
27,4.5279972125744,1,39.0,4.9,1.0,17.0
15,1.5095756042667012,0,22.0,4.6,1.0,8.0
36,10.683836829081004,3,38.0,4.4,1.0,19.0
22,16.601046189403377,0,34.0,4.7,0.0,23.0
32,4.528183776759067,3,29.0,4.7,1.0,19.0
23,1.5580994617898951,0,36.0,4.8,1.0,9.0
26,16.60006663605748,0,23.0,4.7,0.0,22.0
39,7.683782781592616,3,39.0,5.0,1.0,21.0
32,19.614735355629914,1,33.0,4.4,1.0,18.0
20,1.4901739564930154,0,32.0,4.6,1.0,9.0
15,4.717601092054723,0,28.0,4.9,0.0,22.0
37,4.527915278149081,3,37.0,4.7,1.0,20.0
22,9.348448896833318,1,25.0,4.5,1.0,17.0
31,9.348134176984027,3,22.0,4.2,1.0,21.0
15,2.979598701342032,0,29.0,4.7,0.0,10.0
15,2.979599835600764,0,25.0,4.0,1.0,10.0
19,3.0645104714747093,0,21.0,4.9,0.0,8.0
17,6.2427530270295275,1,33.0,4.9,1.0,15.0
25,3.1045718665451782,0,37.0,4.9,1.0,10.0
30,19.36320422209685,1,37.0,4.7,1.0,17.0
27,4.544228016639666,3,23.0,4.7,1.0,22.0
18,19.976644021152854,0,26.0,4.9,0.0,23.0
26,9.316114128266733,0,38.0,4.9,1.0,23.0
31,17.13921974225849,1,30.0,4.0,0.0,17.0
20,4.674220356187267,0,29.0,4.8,1.0,22.0
19,19.88701283582688,1,21.0,5.0,1.0,18.0
25,19.976746466954737,0,32.0,4.7,1.0,22.0
34,16.11277322361381,3,37.0,4.4,1.0,20.0
32,19.042576813838778,3,39.0,3.7,1.0,20.0
19,3.1161417126181274,2,39.0,4.9,1.0,11.0
18,13.989473698864705,3,21.0,4.9,1.0,19.0
25,1.572533729286321,0,32.0,5.0,0.0,9.0
21,1.536829311966258,0,32.0,4.5,1.0,10.0
46,19.62709834561271,1,39.0,5.0,1.0,17.0
27,1.5582406301371106,0,37.0,4.6,1.0,8.0
17,3.0734537599377685,0,29.0,4.5,1.0,10.0
32,4.631781459847124,1,35.0,5.0,1.0,18.0
29,3.029512751162419,0,30.0,4.6,1.0,9.0
18,3.1051314775458967,0,33.0,4.7,1.0,8.0
39,10.445219519730212,0,38.0,4.3,0.0,22.0
47,11.916994721599236,1,36.0,4.1,1.0,17.0
44,20.253748386838097,3,32.0,4.6,2.0,21.0
22,10.444817974537816,3,22.0,4.7,0.0,19.0
18,7.761498257466441,0,26.0,4.5,0.0,23.0
36,19.975696041451314,1,33.0,5.0,1.0,19.0
17,1.554424975889475,0,27.0,4.5,1.0,9.0
27,4.657159718107683,1,36.0,4.8,0.0,18.0
17,19.976027554946448,1,24.0,4.7,0.0,17.0
39,16.384324359677578,3,32.0,4.2,1.0,21.0
30,9.220368460607467,0,30.0,4.3,1.0,23.0
27,9.219878421275038,3,23.0,4.5,1.0,20.0
43,20.887815554987384,3,34.0,4.4,1.0,21.0
16,19.688308620509062,1,20.0,4.8,1.0,17.0
25,1.4881222937797471,0,33.0,4.7,1.0,10.0
17,10.881199561003374,0,31.0,4.5,1.0,22.0
38,10.255071075729067,3,37.0,4.8,1.0,21.0
23,1.5368334425195926,2,27.0,4.6,1.0,11.0
15,9.348552276072713,3,27.0,4.8,1.0,20.0
29,3.0585736588579726,2,25.0,4.5,1.0,11.0
15,17.07302628964209,3,25.0,4.9,1.0,20.0
18,13.406088270680275,0,34.0,4.5,0.0,23.0
10,11.007734763744617,0,29.0,4.9,0.0,22.0
10,9.326827803405624,1,28.0,4.7,0.0,17.0
26,5.8604999332882075,2,24.0,4.7,1.0,13.0
23,3.040688634015558,0,24.0,4.1,1.0,8.0
26,3.01882678715419,2,28.0,4.7,1.0,11.0
18,3.0611340136861775,0,24.0,4.1,1.0,8.0
19,10.64228895373868,0,25.0,4.6,1.0,23.0
19,9.314115494737472,3,21.0,4.6,1.0,21.0
25,4.537601588065108,0,36.0,4.8,1.0,23.0
49,19.367701972031078,3,39.0,4.7,1.0,19.0
48,20.177742451194362,3,37.0,4.8,1.0,20.0
15,3.025345653222032,0,36.0,4.6,1.0,8.0
24,9.435201537430714,3,33.0,4.7,1.0,20.0
28,12.074224380435524,0,37.0,4.7,0.0,0.0
29,7.762596264580148,0,35.0,5.0,1.0,23.0
16,16.78827586251448,0,22.0,4.8,1.0,22.0
25,1.5367515001848098,0,29.0,4.5,1.0,10.0
20,3.0593634547239317,0,39.0,4.8,1.0,8.0
29,6.29013467763468,2,30.0,5.0,1.0,12.0
25,4.717601092054723,1,23.0,4.8,0.0,17.0
46,6.122094799492641,2,20.0,4.2,2.0,12.0
18,3.059554247595471,0,23.0,4.5,0.0,8.0
39,13.771140253368426,3,34.0,4.4,2.0,21.0
30,10.64228895373868,1,21.0,4.5,0.0,19.0
19,2.9844140404688675,0,21.0,5.0,1.0,9.0
29,9.314908769971195,1,36.0,4.6,0.0,17.0
20,1.5135933675549913,0,27.0,4.4,1.0,8.0
19,19.915135664660593,1,22.0,4.9,1.0,17.0
25,4.5607604314529,0,33.0,4.8,1.0,22.0
39,9.121794088990223,1,31.0,4.9,0.0,18.0
13,9.313347514768024,1,27.0,5.0,1.0,17.0
36,13.68148555689137,0,32.0,4.6,2.0,23.0
34,10.868212517103021,3,34.0,3.9,0.0,21.0
42,4.540575857362341,3,33.0,4.7,1.0,21.0
30,14.022298282479131,1,33.0,4.6,1.0,17.0
13,3.059460076834105,0,26.0,4.9,0.0,9.0
32,6.081185877714606,2,28.0,4.1,2.0,12.0
24,12.434585525064866,3,25.0,4.9,0.0,20.0
12,6.1187118466897275,1,26.0,4.7,1.0,16.0
43,11.905030946256336,0,20.0,2.6,1.0,23.0
45,9.435201537430714,3,35.0,4.9,3.0,21.0
13,9.435201537430714,3,27.0,5.0,1.0,20.0
25,9.058825022192165,1,33.0,4.6,1.0,17.0
39,12.07933216823287,3,36.0,4.8,2.0,19.0
44,20.183481365845186,3,36.0,4.3,1.0,21.0
24,9.193520993944182,3,24.0,4.9,0.0,20.0
25,6.129149863507623,2,21.0,4.8,1.0,13.0
35,10.906432552887628,3,31.0,3.6,1.0,21.0
11,4.537513326842717,0,24.0,5.0,0.0,22.0
25,4.657153007152837,3,27.0,4.6,1.0,19.0
21,13.583332471810195,0,26.0,5.0,1.0,23.0
15,7.8626681674103684,3,33.0,4.9,1.0,21.0
28,20.179033045443177,0,32.0,4.7,0.0,22.0
26,6.1766084827181205,1,20.0,4.6,0.0,15.0
19,1.5298767913547429,0,25.0,4.0,0.0,10.0
15,6.29013467763468,1,20.0,4.6,1.0,17.0
25,6.17528357530834,2,30.0,4.9,1.0,15.0
12,4.539068203248638,3,29.0,4.8,0.0,20.0
39,11.007734763744617,3,29.0,4.3,1.0,19.0
26,6.050033592458703,2,30.0,4.7,0.0,13.0
43,17.098467518755893,0,37.0,5.0,1.0,23.0
24,10.427668815941242,3,37.0,4.7,1.0,21.0
31,20.253584375809147,3,23.0,4.3,1.0,21.0
20,9.054052950169497,0,36.0,4.6,1.0,22.0
45,13.763778584951167,3,36.0,4.7,1.0,20.0
28,7.762480218802449,1,28.0,4.8,1.0,18.0
24,9.17632585467143,0,24.0,4.5,0.0,23.0
19,1.5580833985948437,0,30.0,4.5,0.0,9.0
39,12.465199139446781,3,35.0,4.9,0.0,20.0
34,9.055848504226429,1,31.0,4.2,1.0,17.0
36,12.098699936279857,0,35.0,4.4,1.0,23.0
27,17.29786575291325,0,32.0,4.7,0.0,23.0
31,10.866277692518308,1,29.0,4.1,0.0,18.0
15,10.279157046351159,0,26.0,4.9,1.0,22.0
34,20.25510293833981,3,22.0,4.9,0.0,21.0
20,6.232152800668749,1,20.0,4.8,1.0,15.0
22,12.29354192492578,1,39.0,5.0,1.0,17.0
34,7.44855797957408,0,35.0,4.0,1.0,23.0
16,3.026096197898999,0,20.0,4.7,0.0,9.0
19,1.558137239175215,0,23.0,4.9,0.0,11.0
18,3.0295373875696914,0,22.0,4.2,1.0,10.0
34,20.252967850083056,0,25.0,2.6,1.0,22.0
31,16.368369640858596,1,21.0,4.9,1.0,19.0
24,16.90314234117986,0,24.0,5.0,1.0,23.0
26,4.663438748149055,3,37.0,4.5,1.0,19.0
25,16.72129600980331,3,34.0,4.8,1.0,20.0
47,5.992164712760221,2,22.0,3.7,1.0,12.0
34,12.24118768009516,3,33.0,3.5,1.0,19.0
21,1.489789766813,2,26.0,4.8,0.0,11.0
27,4.544232356931077,0,26.0,4.3,1.0,0.0
37,16.63495545420892,1,20.0,4.9,2.0,18.0
27,1.572533729286321,0,31.0,4.9,1.0,9.0
17,6.2101379656240985,2,39.0,4.8,1.0,12.0
23,9.074836683459717,1,23.0,4.5,0.0,18.0
43,10.427208660422918,1,31.0,4.4,1.0,18.0
15,7.683782781592616,0,36.0,4.8,1.0,22.0
47,13.970122998261997,3,36.0,4.7,3.0,20.0
15,6.147092755626801,2,24.0,4.9,1.0,13.0
45,12.484587017091192,3,32.0,4.6,3.0,19.0
45,1.5368020663947328,2,24.0,4.4,1.0,11.0
29,9.220316822180319,3,28.0,4.9,1.0,19.0
16,2.9370627446070836,0,28.0,4.8,0.0,8.0
30,4.527535939190659,3,33.0,4.6,1.0,21.0
19,4.5279972125744,3,27.0,4.9,0.0,21.0
35,16.59866734050554,1,31.0,4.7,1.0,17.0
29,4.4691549592640305,3,39.0,4.6,1.0,20.0
11,1.5545816630911855,0,22.0,4.9,0.0,8.0
23,10.757204708670502,0,24.0,4.9,1.0,23.0
10,1.5525607701091517,0,24.0,4.8,1.0,9.0
22,3.1046608747206426,0,30.0,4.6,1.0,9.0
45,7.790489304769407,3,21.0,4.2,1.0,21.0
24,4.717601092054723,0,39.0,5.0,1.0,22.0
13,13.990151177257511,1,20.0,4.9,0.0,18.0
23,9.435201537430714,1,26.0,4.8,1.0,17.0
39,17.097651549864548,1,37.0,4.6,0.0,18.0
26,13.989473698864705,1,21.0,4.8,1.0,17.0
21,20.96888932863528,3,22.0,4.8,1.0,19.0
15,3.1049287712304117,0,20.0,4.7,1.0,9.0
16,16.608175423267646,0,20.0,5.0,0.0,22.0
33,9.313300003113902,1,36.0,4.3,1.0,18.0
39,12.100108934661812,3,21.0,4.5,2.0,19.0
44,9.348325936764454,3,38.0,4.8,3.0,21.0
20,6.232179267966144,1,29.0,4.8,0.0,15.0
26,1.5134909748932397,2,33.0,4.6,1.0,11.0
35,12.580267822400963,0,32.0,4.0,1.0,23.0
29,8.988056602876522,3,33.0,5.0,1.0,21.0
38,16.600975700594585,3,34.0,4.9,1.0,21.0
19,1.5127140854704322,0,34.0,4.6,1.0,10.0
13,10.642018863256986,3,24.0,4.7,0.0,19.0
17,3.01871690507141,0,20.0,4.3,1.0,8.0
24,9.17632585467143,1,25.0,4.5,1.0,17.0
27,13.973037056670602,3,27.0,4.6,1.0,21.0
43,9.220209378254708,3,22.0,4.5,0.0,21.0
26,2.9790002034338934,2,38.0,4.7,1.0,11.0
46,4.717601092054723,3,32.0,4.0,1.0,21.0
29,6.081596950437154,2,32.0,4.6,0.0,13.0
41,16.381598593369365,3,39.0,3.5,1.0,19.0
34,13.403654333869842,1,30.0,4.7,0.0,17.0
25,1.532234790495708,0,37.0,4.8,1.0,10.0
21,6.037118440222451,2,23.0,4.6,1.0,12.0
15,12.464226008964719,0,28.0,4.9,1.0,22.0
29,4.469162258883671,3,39.0,4.8,1.0,21.0
18,3.105492716560946,0,21.0,4.8,1.0,8.0
12,7.761780026108867,3,26.0,4.5,0.0,20.0
13,1.514793721388757,0,24.0,4.5,0.0,9.0
27,16.384574278446483,1,22.0,4.9,1.0,18.0
28,19.974163074784503,1,29.0,4.9,1.0,19.0
28,6.29013467763468,2,39.0,4.8,1.0,13.0
32,8.940047176804278,3,37.0,5.0,1.0,20.0
35,10.757050667280428,3,22.0,4.1,1.0,21.0
20,10.683811825489267,0,25.0,4.8,0.0,22.0
32,10.906432552887628,3,36.0,4.3,1.0,19.0
37,3.040641621538495,2,39.0,4.9,1.0,12.0
42,4.5967456266495255,3,34.0,4.2,2.0,22.0
28,3.1051141624973875,0,37.0,4.5,0.0,10.0
22,6.081591883831901,2,32.0,4.6,0.0,12.0
28,20.506907204759106,3,22.0,4.9,1.0,19.0
41,3.0597099613184353,2,33.0,4.1,1.0,11.0
34,13.830016226508704,0,36.0,3.5,1.0,22.0
25,7.6608956642418224,3,29.0,4.7,0.0,20.0
24,12.435597855540221,3,25.0,4.6,0.0,20.0
16,1.5292976945190186,0,29.0,4.0,1.0,10.0
22,3.0407893988053885,0,38.0,4.8,0.0,8.0
13,10.5864846162781,0,20.0,4.7,0.0,23.0
26,3.0405372416448646,2,20.0,4.6,1.0,11.0
15,3.0645346577473593,0,29.0,4.9,1.0,10.0
11,6.29013467763468,1,21.0,4.9,1.0,16.0
35,17.09875410817548,1,33.0,4.3,1.0,17.0
11,7.54640142147466,1,26.0,4.7,0.0,17.0
22,3.0645104714747093,0,36.0,4.9,0.0,8.0
12,10.428262034058305,1,20.0,4.8,0.0,18.0
15,9.36298934011295,0,33.0,4.7,0.0,22.0
25,2.9962199455461898,0,36.0,4.9,1.0,8.0
26,9.074647672837914,3,38.0,4.5,1.0,20.0
27,10.868262820109699,0,39.0,4.6,1.0,23.0
15,19.975520086221444,1,20.0,4.8,0.0,18.0
54,13.765756924309539,3,31.0,4.7,2.0,20.0
44,12.099896960230076,3,23.0,4.5,1.0,20.0
20,1.5544994921789965,0,20.0,4.4,1.0,9.0
28,1.5367158933394087,0,34.0,4.2,1.0,9.0
29,1.5125236323325255,0,35.0,4.5,1.0,8.0
52,13.971968544834215,3,32.0,4.8,1.0,19.0
17,20.85157880964364,0,27.0,4.8,1.0,23.0
14,1.572533729286321,0,24.0,4.9,1.0,9.0
25,1.5525876685610625,0,34.0,4.6,0.0,8.0
43,13.789485363023294,3,34.0,4.4,1.0,21.0
41,13.969760212954796,3,36.0,4.7,0.0,21.0
16,1.5297989528631668,0,20.0,4.9,1.0,10.0
45,7.646049300624547,3,27.0,4.1,1.0,19.0
29,10.757499697083244,0,32.0,4.5,1.0,22.0
33,4.657597469270872,3,35.0,4.7,0.0,20.0
31,12.25501434480783,3,36.0,3.6,1.0,20.0
17,1.4687651667291866,2,24.0,4.6,1.0,11.0
10,3.0645104714747093,0,39.0,4.8,0.0,8.0
18,17.13749142638821,1,27.0,5.0,1.0,17.0
21,3.0249963435107836,0,22.0,4.7,0.0,9.0
31,13.762754362295334,0,23.0,3.3,1.0,22.0
21,1.4897806686912982,0,27.0,4.9,0.0,9.0
28,3.0407902113990954,2,37.0,4.6,1.0,12.0
22,6.147073151032162,1,23.0,4.9,0.0,16.0
42,13.990192142064847,3,31.0,4.8,1.0,21.0
38,20.852513503426962,3,39.0,3.8,1.0,20.0
21,19.361976407426397,0,30.0,4.7,1.0,22.0
31,9.435201537430714,1,31.0,4.1,1.0,17.0
42,16.384324359677578,3,37.0,4.2,2.0,20.0
24,1.5369113551350593,2,29.0,4.9,1.0,11.0
37,12.417487520918895,3,26.0,4.8,0.0,20.0
16,12.099096916817198,3,27.0,4.9,0.0,20.0
27,12.293502674441413,0,36.0,4.6,0.0,23.0
20,3.058697313879674,0,26.0,4.7,0.0,9.0
24,3.0251492856775037,0,37.0,4.3,0.0,10.0
38,10.86728673513013,1,34.0,3.6,0.0,18.0
26,19.87743959766233,1,29.0,4.9,1.0,17.0
23,3.0734222587643045,2,20.0,4.8,1.0,11.0
17,12.294187491090893,1,21.0,4.9,0.0,18.0
19,7.660951720810249,3,24.0,4.9,1.0,20.0
28,4.469352052738077,3,35.0,4.7,0.0,19.0
37,10.906257371570659,1,37.0,4.2,2.0,17.0
21,10.427668815941242,1,37.0,5.0,1.0,17.0
29,4.632486510687907,1,38.0,4.7,1.0,17.0
31,9.326360257118816,1,37.0,4.6,0.0,18.0
24,2.984638285081008,0,21.0,4.8,1.0,10.0
33,6.12908533497929,2,22.0,4.6,1.0,14.0
32,7.447061074885405,1,37.0,4.4,0.0,18.0
29,6.129149863507623,1,33.0,5.0,0.0,16.0
16,3.0407893988053885,0,26.0,5.0,0.0,8.0
27,16.659963190057415,0,38.0,4.5,1.0,22.0
21,6.210589610314177,1,37.0,4.9,1.0,15.0
41,11.007734763744617,3,30.0,4.2,2.0,22.0
21,7.54626481457244,3,20.0,4.6,1.0,21.0
38,12.11655916281721,3,27.0,4.7,0.0,21.0
15,7.54640142147466,0,32.0,4.9,0.0,23.0
25,8.812111950377988,3,35.0,5.0,0.0,20.0
12,2.9376270171445986,0,28.0,4.9,0.0,8.0
27,11.007734763744617,1,20.0,4.7,1.0,17.0
33,13.972751063504559,0,35.0,3.5,0.0,22.0
18,7.771834302405086,0,26.0,5.0,1.0,22.0
17,12.09937442336077,0,31.0,4.6,0.0,22.0
35,20.25375174504926,1,30.0,4.4,1.0,17.0
27,16.384574278446483,3,27.0,4.7,1.0,19.0
27,7.803268415504937,0,36.0,4.5,1.0,23.0
27,10.72504264384306,3,33.0,4.7,1.0,21.0
20,19.043190708658745,1,31.0,4.7,1.0,17.0
15,3.059460076834105,0,28.0,4.9,0.0,9.0
32,7.546712474612512,3,39.0,4.4,1.0,21.0
36,12.11655916281721,3,26.0,4.9,1.0,21.0
15,1.554619810773694,0,23.0,4.5,0.0,10.0
19,9.326360257118816,0,27.0,4.8,1.0,23.0
30,13.969116967730173,1,32.0,4.5,1.0,19.0
25,1.465203567663234,0,36.0,4.6,0.0,9.0
15,20.20729968887068,0,34.0,4.8,1.0,22.0
34,7.8626681674103684,3,29.0,4.7,1.0,20.0
25,13.681056958913906,0,32.0,5.0,1.0,22.0
15,20.177913041348635,3,26.0,4.5,1.0,20.0
37,13.582337494192409,1,31.0,4.2,1.0,17.0
40,10.905970180191666,3,34.0,3.5,1.0,21.0
15,4.53754359959467,3,26.0,5.0,0.0,21.0
24,6.29013467763468,1,34.0,4.6,1.0,15.0
33,12.420345124240976,3,33.0,3.7,1.0,21.0
42,13.973947080769713,1,34.0,4.6,0.0,17.0
27,10.255071075729067,1,22.0,4.6,1.0,18.0
27,6.217735074214348,2,27.0,4.6,0.0,13.0
38,20.506685809982404,3,35.0,4.7,2.0,21.0
26,16.63859018321037,1,39.0,4.9,1.0,18.0
16,4.610035602260694,1,26.0,4.9,0.0,19.0
21,9.193021332844554,1,24.0,4.7,1.0,18.0
38,1.5368199501604665,2,37.0,4.8,1.0,11.0
21,4.657159718107683,0,35.0,5.0,1.0,22.0
47,13.765934616154562,3,32.0,4.2,1.0,21.0
37,19.76188040923094,3,33.0,4.1,1.0,20.0
27,17.29786575291325,0,30.0,4.6,0.0,23.0
24,16.85208641567295,0,30.0,4.7,1.0,23.0
32,13.767318777064409,1,23.0,4.0,1.0,18.0
12,1.554514382186963,0,26.0,4.8,1.0,8.0
29,6.128501214162246,2,39.0,4.8,1.0,12.0
22,7.761284984440735,3,27.0,4.7,1.0,21.0
23,14.15280068944862,1,23.0,4.9,0.0,18.0
43,10.707675026486205,1,32.0,4.6,2.0,19.0
26,10.641042055468692,1,22.0,4.8,1.0,18.0
32,20.85172635753384,1,39.0,5.0,1.0,17.0
27,12.099096916817198,0,37.0,4.8,0.0,23.0
23,5.952135257928492,2,22.0,4.9,1.0,14.0
16,1.4898423067405666,0,33.0,4.7,0.0,10.0
30,10.924508385005714,1,23.0,4.6,0.0,17.0
25,14.15280068944862,0,39.0,4.9,1.0,22.0
25,16.11364371445673,3,27.0,4.9,1.0,20.0
21,7.549900138928506,3,22.0,4.8,0.0,21.0
24,9.326360257118816,3,24.0,4.8,1.0,19.0
47,1.5524064590051572,2,20.0,3.8,2.0,11.0
26,3.058924545938562,0,39.0,4.6,1.0,10.0
22,10.427571382480686,0,23.0,4.9,1.0,22.0
37,13.765756924309539,3,20.0,4.7,1.0,21.0
28,19.614735355629914,3,25.0,4.9,1.0,20.0
15,3.1051455399287056,0,33.0,4.8,1.0,9.0
10,7.5620793211870625,0,34.0,4.9,0.0,22.0
18,9.32728515796102,1,26.0,4.9,1.0,17.0
32,14.022136830289478,3,29.0,4.3,1.0,19.0
19,7.646414103068861,0,33.0,4.9,0.0,23.0
33,6.2099764507053274,2,27.0,4.0,1.0,13.0
21,2.9372227514154003,2,26.0,4.8,1.0,11.0
34,7.601066543768378,3,25.0,4.2,2.0,20.0
40,13.829019124454268,3,27.0,4.7,2.0,20.0
14,12.419803337139525,3,20.0,4.6,0.0,19.0
35,10.724879289478304,3,31.0,4.2,1.0,21.0
22,3.058281575249995,0,30.0,4.9,1.0,8.0
30,4.469362226704516,3,31.0,4.7,1.0,19.0
24,7.567716652500661,3,21.0,4.6,1.0,21.0
41,10.75638385340382,1,23.0,4.7,1.0,17.0
18,1.5580865162468949,0,34.0,5.0,0.0,9.0
16,7.651068542725116,1,39.0,4.6,0.0,17.0
32,11.007734763744617,3,21.0,4.0,0.0,20.0
38,19.04234565793013,1,37.0,3.5,1.0,17.0
35,19.914686965545187,0,37.0,3.5,1.0,23.0
36,19.661098170299198,1,31.0,4.8,1.0,17.0
32,4.632263051146014,3,38.0,4.0,0.0,21.0
26,10.642292301678436,3,21.0,4.5,1.0,21.0
31,7.772596236164787,3,34.0,4.6,1.0,21.0
33,20.18085916835158,1,39.0,4.4,1.0,18.0
32,17.137879924186517,1,20.0,4.2,1.0,18.0
15,13.970007989574006,3,31.0,4.8,1.0,20.0
23,1.5323511358881128,0,25.0,4.1,1.0,10.0
30,7.601385733164932,3,35.0,4.8,1.0,22.0
13,1.5094642591450969,0,28.0,5.0,1.0,9.0
15,19.761110067714096,0,20.0,4.7,0.0,23.0
20,7.658776111980611,1,21.0,5.0,1.0,18.0
17,1.5148058859292481,0,21.0,4.8,0.0,11.0
19,7.790439155314363,1,25.0,4.7,1.0,18.0
29,14.022136830289478,1,20.0,5.0,1.0,17.0
23,6.232321450753526,1,24.0,4.7,0.0,15.0
30,10.865409153294227,3,21.0,4.7,0.0,19.0
11,1.5524064590051572,0,27.0,4.6,0.0,10.0
18,8.940167719841355,0,29.0,5.0,0.0,22.0
21,6.210145663324764,2,20.0,4.7,1.0,13.0
25,1.5367917694809952,0,26.0,4.5,1.0,9.0
17,4.56096495080353,3,26.0,4.6,1.0,21.0
32,16.852834881460105,1,38.0,4.8,1.0,18.0
15,19.83950910656183,0,22.0,5.0,1.0,0.0
17,6.036244196933988,2,26.0,4.8,0.0,12.0
14,1.520309052937885,2,23.0,5.0,1.0,11.0
36,20.831229799341045,3,34.0,5.0,2.0,21.0
23,16.646515101533154,3,26.0,4.5,1.0,20.0
27,19.88015786997755,1,20.0,5.0,1.0,18.0
39,10.565128845647761,3,32.0,4.5,0.0,19.0
20,16.819856608097247,3,21.0,4.9,1.0,19.0
10,9.264648568906683,3,24.0,4.5,0.0,19.0
22,4.537571350180709,3,36.0,4.8,1.0,21.0
15,10.906065218662736,1,21.0,4.8,1.0,18.0
35,20.253686339517458,3,30.0,4.0,0.0,21.0
33,17.13752759379912,0,32.0,3.7,0.0,23.0
26,17.078029070273278,3,26.0,4.8,0.0,20.0
18,16.721288103917214,3,37.0,4.8,1.0,19.0
19,10.57008222716591,0,22.0,4.6,1.0,23.0
39,10.756770071391887,3,27.0,4.2,1.0,21.0
15,7.8626681674103684,0,29.0,5.0,0.0,23.0
33,9.121049806498666,3,26.0,4.7,1.0,20.0
18,13.583068670275285,3,25.0,4.9,1.0,21.0
15,12.256076445468295,3,22.0,4.6,1.0,22.0
37,11.917100051488791,3,29.0,4.9,1.0,20.0
19,9.435201537430714,1,29.0,4.8,1.0,17.0
24,17.16552279552974,0,33.0,4.9,1.0,22.0
24,6.20953271391644,2,25.0,4.6,1.0,14.0
33,10.865409153294227,1,37.0,4.2,1.0,18.0
18,6.081440797008078,2,29.0,4.6,1.0,12.0
30,4.6105980334862275,0,37.0,4.2,1.0,22.0
20,3.121088297487764,0,29.0,4.8,0.0,11.0
22,13.97214132886697,0,36.0,4.6,1.0,23.0
33,7.790336733567704,3,32.0,4.2,1.0,20.0
21,1.5203565961705499,0,29.0,4.7,1.0,10.0
40,19.659494006263994,3,36.0,4.8,1.0,19.0
21,9.075521306663484,1,21.0,4.8,1.0,18.0
10,19.471476176410082,3,20.0,4.7,1.0,20.0
15,7.57343592001983,3,30.0,4.9,1.0,20.0
16,10.723264172167632,0,22.0,5.0,1.0,22.0
17,9.219905581616992,3,28.0,5.0,0.0,21.0
14,19.66102221350665,0,29.0,4.9,0.0,23.0
30,1.554619810773694,2,36.0,4.6,0.0,11.0
27,7.549967178616325,1,32.0,4.9,0.0,17.0
25,13.427981831457974,0,34.0,5.0,0.0,23.0
33,1.468643427107676,2,23.0,4.7,0.0,11.0
17,9.348403335334273,3,21.0,4.6,0.0,20.0
25,3.145067434621583,0,30.0,5.0,0.0,9.0
15,8.93778311563518,0,36.0,4.5,0.0,23.0
49,12.162306145096023,3,36.0,4.5,1.0,20.0
24,13.406350345879243,3,21.0,4.6,1.0,20.0
35,11.917680464391145,1,39.0,4.5,1.0,17.0
33,1.5581322655568652,0,37.0,4.1,0.0,9.0
31,13.77076958377127,3,34.0,4.3,0.0,21.0
26,10.723264172167632,0,23.0,4.9,0.0,22.0
24,6.081185877714606,2,27.0,4.8,0.0,14.0
14,7.601385733164932,0,28.0,4.8,0.0,23.0
15,9.07434222926449,0,37.0,4.8,0.0,23.0
33,12.071652559029582,3,28.0,4.2,2.0,20.0
23,1.5203013368536653,0,28.0,4.9,1.0,8.0
34,9.088084092164259,0,31.0,4.2,1.0,22.0
21,3.052624657159233,0,23.0,4.5,0.0,10.0
31,10.906379374468557,1,23.0,4.1,1.0,17.0
33,12.162009006258288,3,37.0,4.2,1.0,19.0
16,1.572533729286321,0,32.0,4.9,0.0,9.0
29,3.105091096509636,0,36.0,4.4,0.0,9.0
16,1.4897768153112216,0,20.0,4.6,1.0,9.0
31,11.936215305491464,3,24.0,4.3,2.0,21.0
38,16.826241648658115,1,37.0,4.6,1.0,18.0
21,6.10531621082431,2,26.0,4.6,0.0,14.0
15,4.561223681551846,0,36.0,4.5,0.0,23.0
26,11.007734763744617,0,22.0,4.8,0.0,23.0
19,4.49428758888079,1,26.0,4.7,1.0,18.0
48,12.465199139446781,3,30.0,4.9,3.0,20.0
21,12.419632405531052,0,30.0,4.6,1.0,23.0
16,6.037225392443855,1,31.0,4.9,1.0,15.0
21,9.316091864517965,3,23.0,4.8,1.0,19.0
25,13.97065239831014,1,28.0,5.0,1.0,17.0
22,13.789630729980562,3,21.0,4.7,1.0,20.0
16,9.181151801248024,3,24.0,4.7,1.0,19.0
29,7.573406195224182,1,31.0,4.8,0.0,18.0
24,9.182882169250194,1,26.0,4.8,0.0,18.0
24,1.5295062057776052,0,25.0,4.0,1.0,8.0
25,3.025098484224574,0,36.0,5.0,0.0,8.0
39,12.161009703058534,3,39.0,4.4,0.0,21.0
26,6.2178836475581045,2,33.0,4.9,1.0,13.0
34,12.074377562049364,1,39.0,3.5,0.0,18.0
23,3.145067434621583,0,32.0,4.8,0.0,9.0
21,12.161605446010208,0,38.0,5.0,0.0,23.0
20,7.8626681674103684,0,39.0,4.2,1.0,23.0
33,7.601614738321588,3,34.0,4.8,1.0,21.0
37,12.256687342592269,3,21.0,4.2,1.0,22.0
35,13.788169484007305,3,32.0,4.3,1.0,19.0
30,13.788282220013778,3,31.0,4.8,0.0,22.0
30,9.220499640905741,0,15.0,1.0,1.0,21.0
15,6.146925931738805,1,28.0,4.5,1.0,15.0
46,10.425475100056351,3,38.0,4.6,2.0,21.0
30,13.582511011042971,3,37.0,4.5,0.0,20.0
29,3.1047992381869647,2,29.0,4.7,1.0,11.0
27,3.105095437473336,2,25.0,4.6,1.0,11.0
13,2.980289542200211,2,28.0,4.6,1.0,11.0
46,16.825674553493343,3,31.0,4.1,1.0,22.0
44,20.44292976252901,0,22.0,2.9,1.0,23.0
10,10.565155904264532,0,26.0,4.8,0.0,23.0
43,11.919755989352295,1,33.0,4.0,2.0,17.0
37,13.40588385177958,1,28.0,4.1,1.0,17.0
30,3.116212741612218,2,31.0,4.8,1.0,11.0
22,16.659979129063025,3,22.0,4.8,1.0,20.0
22,19.471257579516955,3,30.0,4.8,0.0,21.0
25,12.420728618905603,3,31.0,4.7,0.0,19.0
23,10.641925519431222,0,23.0,4.7,1.0,23.0
10,1.5441370096832314,0,26.0,4.6,0.0,9.0
35,13.40588385177958,3,33.0,4.7,0.0,21.0
28,4.544211841489953,0,22.0,4.3,0.0,22.0
15,7.79094413843958,0,22.0,4.8,1.0,0.0
28,3.0295373875696914,2,38.0,4.9,0.0,11.0
46,12.25701219409813,3,33.0,4.3,3.0,19.0
28,1.5544994921789965,0,32.0,4.9,1.0,8.0
17,1.4897806686912982,2,21.0,4.8,1.0,11.0
33,9.157727437937881,3,38.0,4.4,1.0,20.0
20,9.192770952683547,3,29.0,4.6,1.0,20.0
24,19.760080920474554,0,27.0,4.7,1.0,23.0
25,12.073616371381316,1,30.0,4.5,1.0,19.0
33,3.105363416194922,2,38.0,4.2,0.0,11.0
35,19.974363119323215,3,26.0,4.4,0.0,22.0
15,9.313347514768024,1,26.0,4.8,1.0,17.0
29,4.610456146048326,3,21.0,4.5,1.0,21.0
33,9.12108977493757,3,37.0,4.9,1.0,21.0
22,17.07649014379466,1,38.0,4.5,1.0,18.0
33,2.979527470384624,0,31.0,4.2,0.0,8.0
34,11.007734763744617,3,31.0,4.4,2.0,19.0
33,10.867300462045835,1,32.0,4.1,1.0,18.0
20,3.0187008024382194,0,28.0,4.6,1.0,8.0
24,3.018883117682491,0,33.0,4.9,0.0,9.0
15,13.785027203355993,0,34.0,4.6,1.0,22.0
26,4.395530071409622,3,32.0,5.0,1.0,20.0
22,11.74860619557928,1,31.0,4.9,1.0,18.0
28,1.5093764432901144,0,37.0,4.5,0.0,10.0
24,10.586888296813116,0,31.0,4.6,1.0,23.0
25,19.88015786997755,0,36.0,4.9,1.0,22.0
39,11.007734763744617,0,38.0,3.9,1.0,23.0
34,16.818368923732613,3,20.0,5.0,2.0,19.0
50,10.757168277315147,3,33.0,4.7,1.0,21.0
35,10.906379374468557,1,33.0,3.9,1.0,17.0
41,16.90249592854745,3,24.0,4.6,1.0,19.0
33,7.601265908224463,1,36.0,4.3,0.0,18.0
30,20.44292976252901,1,22.0,4.8,1.0,18.0
25,9.315745361545886,3,35.0,4.7,1.0,19.0
21,14.15280068944862,3,29.0,4.9,1.0,20.0
28,1.5580841994904557,0,20.0,4.2,1.0,8.0
19,4.717601092054723,0,33.0,5.0,1.0,23.0
42,19.34361316327686,3,37.0,4.9,1.0,21.0
28,19.343598666770653,0,31.0,5.0,1.0,22.0
19,6.117673772819904,2,33.0,4.8,1.0,13.0
38,9.219708856174128,3,30.0,4.9,2.0,19.0
26,16.384900933459228,0,34.0,4.5,1.0,0.0
24,19.915298664494237,0,29.0,4.5,1.0,22.0
30,10.723286946137813,3,37.0,5.0,1.0,19.0
24,11.914594077317577,0,31.0,4.9,1.0,22.0
34,12.161069532201358,0,37.0,4.1,1.0,23.0
47,12.25701219409813,3,29.0,4.5,1.0,20.0
24,4.663432062512584,3,27.0,4.8,0.0,21.0
21,1.5148058859292481,0,35.0,4.6,0.0,9.0
13,1.5147885720051273,0,32.0,4.7,1.0,9.0
11,6.2179328802641525,1,29.0,4.6,0.0,15.0
18,19.663125922534896,3,24.0,4.7,1.0,21.0
41,10.64228895373868,3,20.0,4.8,0.0,20.0
19,3.0408160982095778,0,23.0,4.6,1.0,10.0
35,9.326940869812143,3,36.0,4.2,0.0,21.0
25,1.5581398113186737,0,37.0,4.8,1.0,9.0
17,1.5125746930783428,0,30.0,5.0,0.0,8.0
33,7.790401360105752,3,20.0,4.0,2.0,19.0
36,16.85352490584544,3,31.0,4.8,1.0,21.0
19,10.587588203123412,0,24.0,4.5,1.0,22.0
29,7.7624991757103565,0,35.0,4.9,1.0,23.0
15,9.315069177421892,3,21.0,4.6,1.0,20.0
20,16.60006663605748,1,36.0,4.5,1.0,18.0
17,3.025656084205931,0,22.0,4.7,1.0,10.0
44,6.037605711784208,2,35.0,4.7,2.0,13.0
32,17.076492495612452,3,39.0,4.1,0.0,20.0
26,12.419850660252768,0,35.0,4.5,1.0,22.0
12,6.210098947886509,2,26.0,4.5,1.0,12.0
35,12.419634114062013,3,25.0,4.6,1.0,20.0
18,9.19295116708344,3,35.0,4.6,1.0,21.0
43,13.76661690820274,3,30.0,4.8,1.0,19.0
12,4.596477246826326,0,26.0,4.5,0.0,23.0
14,1.536836906549953,0,29.0,4.6,0.0,10.0
35,13.973760919164189,0,33.0,4.2,1.0,22.0
28,1.5580833985948437,0,30.0,4.6,1.0,8.0
18,13.62208523449083,0,26.0,4.7,1.0,0.0
19,4.610367445745056,0,30.0,4.6,1.0,0.0
21,10.906412696832646,1,28.0,4.7,0.0,17.0
26,10.641103649666686,1,36.0,4.7,1.0,18.0
28,3.0407893988053885,0,38.0,4.7,1.0,10.0
17,2.9302578007621216,0,28.0,4.6,0.0,10.0
28,9.363672588462148,1,36.0,4.9,1.0,17.0
12,3.025079987314703,0,28.0,4.7,1.0,9.0
15,4.406068905879483,1,33.0,4.6,1.0,17.0
21,3.1089700084222183,0,31.0,4.9,0.0,8.0
29,13.68204452608078,1,38.0,4.9,1.0,18.0
21,13.989916877275611,3,22.0,4.5,1.0,19.0
36,12.29343378697411,3,30.0,4.0,1.0,20.0
16,4.56096495080353,0,24.0,4.8,0.0,22.0
26,19.395979772025537,1,23.0,4.9,1.0,17.0
24,6.117673772819904,1,25.0,4.9,1.0,16.0
21,7.661250453808297,1,38.0,4.7,1.0,18.0
28,9.435201537430714,3,26.0,4.8,1.0,21.0
23,1.4923480030639218,0,35.0,4.7,0.0,8.0
24,4.528225009313327,0,35.0,4.5,0.0,23.0
24,6.210141144622586,2,23.0,4.7,0.0,13.0
13,3.1089836948124367,0,34.0,4.9,1.0,9.0
15,7.450185408246093,1,21.0,5.0,1.0,17.0
26,4.560975023661,1,30.0,4.8,0.0,17.0
17,11.904982036628759,3,25.0,4.7,1.0,21.0
33,4.464087375691327,1,31.0,4.3,1.0,18.0
33,1.5606916397985116,2,33.0,4.7,0.0,11.0
34,7.683177078354373,1,39.0,4.9,1.0,17.0
20,9.435201537430714,3,38.0,4.8,1.0,21.0
24,10.723989806656368,3,21.0,4.6,1.0,19.0
12,16.385802266862793,0,26.0,4.7,0.0,23.0
29,14.15280068944862,1,27.0,4.6,0.0,18.0
33,19.916260009775197,3,22.0,4.9,1.0,19.0
29,10.724430107278945,0,39.0,4.7,1.0,23.0
25,9.326561838121483,0,38.0,4.1,1.0,0.0
30,6.1288740968464825,2,31.0,4.5,0.0,12.0
35,7.772241719523235,3,22.0,4.2,1.0,20.0
47,20.44292976252901,3,31.0,4.2,1.0,19.0
24,4.5894994863803555,1,24.0,4.7,1.0,18.0
34,6.040113680144922,2,38.0,4.0,2.0,13.0
43,10.417061581463948,1,22.0,4.6,1.0,18.0
38,19.97462742500737,3,30.0,4.2,1.0,20.0
18,7.562414628937605,0,33.0,4.9,0.0,22.0
33,6.081595038517862,1,37.0,4.9,1.0,15.0
22,6.049788909378549,2,29.0,4.8,1.0,12.0
42,20.555166462971748,1,36.0,4.8,1.0,17.0
30,7.546680469081603,3,21.0,4.6,1.0,20.0
11,13.612451541411557,0,28.0,5.0,0.0,0.0
15,4.52824657673871,0,35.0,4.6,0.0,23.0
22,4.587980157997101,3,26.0,5.0,1.0,19.0
22,13.98951205355768,1,24.0,4.7,1.0,18.0
31,10.881249731552508,3,22.0,4.3,1.0,20.0
21,12.419787919082209,3,29.0,4.5,0.0,19.0
39,16.384900933459228,3,27.0,4.2,1.0,19.0
29,10.642292301678436,1,25.0,4.6,0.0,18.0
25,20.20631641648197,3,33.0,4.7,0.0,21.0
36,6.29013467763468,2,34.0,4.2,1.0,13.0
29,10.865065738215941,3,27.0,4.9,1.0,20.0
14,4.717601092054723,1,25.0,4.7,0.0,19.0
37,10.42769256917753,1,30.0,5.0,1.0,17.0
23,4.674295333360666,3,28.0,4.9,1.0,21.0
26,10.725034637880958,1,25.0,4.6,1.0,18.0
29,9.314030628228021,1,35.0,4.9,1.0,18.0
21,19.396015245394,1,25.0,4.8,0.0,18.0
30,11.917100051488791,1,30.0,4.8,1.0,18.0
34,16.600361127912656,0,37.0,3.7,1.0,22.0
27,16.634890709262386,0,23.0,4.5,1.0,22.0
20,3.058281575249995,0,31.0,4.8,1.0,9.0
37,4.663438748149055,1,39.0,4.4,2.0,19.0
18,16.610926485281333,1,39.0,4.6,1.0,18.0
33,9.087972744661085,3,21.0,4.7,1.0,19.0
17,3.105049191152739,0,20.0,4.7,1.0,10.0
28,12.580267822400963,3,30.0,4.6,0.0,21.0
24,13.969878141806623,1,25.0,4.8,0.0,18.0
30,12.435401342193114,1,31.0,4.6,1.0,18.0
27,16.64685134838758,3,26.0,4.9,0.0,19.0
40,16.72059667667709,1,36.0,4.4,0.0,17.0
27,4.471739409979227,3,30.0,4.9,0.0,21.0
26,7.448318246839791,3,30.0,4.5,1.0,19.0
28,4.610073053799191,0,34.0,4.8,1.0,22.0
11,7.772343594464245,0,34.0,4.9,1.0,0.0
15,13.613850325840419,3,29.0,5.0,0.0,19.0
28,10.602589325657691,0,33.0,4.6,0.0,23.0
32,3.0249808540967433,2,39.0,4.1,0.0,11.0
24,9.435201537430714,3,27.0,4.6,1.0,21.0
16,4.561113588992224,0,23.0,4.8,1.0,22.0
20,12.209928252230656,0,26.0,4.6,1.0,22.0
34,12.419787919082209,0,37.0,4.3,1.0,22.0
26,7.7901565957028485,3,33.0,4.8,1.0,21.0
21,20.206804295781904,1,32.0,4.7,1.0,18.0
18,7.658776111980611,0,23.0,5.0,1.0,23.0
35,17.137482577838597,0,39.0,4.4,1.0,23.0
17,9.087720328091445,3,39.0,5.0,0.0,19.0
35,10.445083298990602,1,20.0,4.6,2.0,18.0
17,4.717601092054723,1,30.0,4.7,0.0,18.0
49,10.602507301514994,1,31.0,4.8,1.0,18.0
29,12.162012260678955,0,25.0,4.9,1.0,22.0
43,13.405500819756533,3,35.0,4.9,1.0,21.0
28,3.0253210909321173,2,37.0,4.5,1.0,11.0
17,1.5320227740641719,0,28.0,5.0,1.0,9.0
33,6.037605711784208,2,33.0,4.3,1.0,12.0
13,1.5523182877499084,0,29.0,4.7,0.0,9.0
19,17.29786575291325,0,24.0,4.7,1.0,22.0
31,6.037440799484659,2,38.0,4.3,1.0,13.0
19,19.659160370978906,1,22.0,4.5,1.0,18.0
30,19.088793977182952,3,22.0,4.7,1.0,22.0
19,10.588906536688087,0,25.0,4.8,1.0,22.0
15,3.1050761845074675,0,35.0,4.7,0.0,11.0
17,20.25375174504926,0,23.0,4.6,1.0,22.0
46,16.60246716832672,3,39.0,4.7,2.0,21.0
33,6.081139317039376,2,27.0,5.0,1.0,14.0
21,10.428148593687968,0,24.0,4.9,0.0,22.0
24,19.628127535448083,3,28.0,4.7,0.0,20.0
29,19.76017824329294,1,29.0,4.9,1.0,19.0
39,16.901828274275406,0,26.0,2.8,0.0,23.0
44,19.36744052557847,3,34.0,4.3,1.0,20.0
26,6.29013467763468,2,26.0,4.9,1.0,12.0
21,13.830709083522443,0,32.0,4.5,1.0,23.0
16,9.121519225895119,0,27.0,4.5,0.0,23.0
29,1.5580865162468949,0,33.0,4.6,1.0,8.0
44,19.976027554946448,3,25.0,4.5,1.0,21.0
28,20.25401003649676,3,37.0,4.6,1.0,21.0
47,19.68841340777118,3,30.0,4.6,1.0,21.0
16,9.220449825751995,3,31.0,4.7,1.0,19.0
17,3.040697853651633,0,29.0,4.9,1.0,8.0
21,6.29013467763468,1,24.0,4.8,1.0,17.0
29,7.449051156906713,3,34.0,4.6,0.0,21.0
31,4.674393132741051,3,36.0,4.6,1.0,21.0
35,13.78848075238715,3,27.0,4.7,1.0,21.0
15,4.610405794808594,1,27.0,4.6,1.0,17.0
42,12.435204072231338,1,33.0,5.0,3.0,17.0
36,20.285136523122805,3,38.0,4.3,2.0,20.0
22,10.602450942886513,3,29.0,4.7,0.0,20.0
49,7.563061700786155,3,32.0,4.6,0.0,20.0
20,16.85270156392274,3,27.0,4.5,1.0,21.0
16,4.537553114731602,3,23.0,4.7,0.0,20.0
18,10.571315446710582,0,21.0,4.8,1.0,23.0
25,4.464734973807576,3,38.0,4.5,1.0,21.0
16,3.0187008024382194,0,29.0,4.7,0.0,9.0
19,9.179538450826048,0,26.0,4.7,1.0,23.0
22,5.958586130823786,1,22.0,4.7,1.0,16.0
24,7.683892680377775,0,30.0,4.7,0.0,23.0
27,3.1089751947120248,0,33.0,5.0,1.0,10.0
17,3.1089883297657854,0,29.0,5.0,0.0,9.0
18,1.5203447277401048,0,25.0,4.8,1.0,9.0
15,12.074114327172765,0,22.0,4.5,0.0,22.0
23,4.527915278149081,0,31.0,4.8,1.0,22.0
24,12.41687169160696,0,23.0,4.7,1.0,23.0
40,11.007734763744617,3,31.0,4.6,1.0,20.0
17,17.07649014379466,3,29.0,4.6,1.0,20.0
27,20.252959556511744,1,25.0,4.6,1.0,17.0
26,9.075352487619899,0,39.0,4.6,1.0,22.0
11,6.08119089136717,2,27.0,4.6,0.0,13.0
29,9.08018733194538,3,21.0,4.7,1.0,20.0
23,17.07353769061412,1,34.0,4.9,0.0,17.0
22,7.562108717550266,3,20.0,4.9,0.0,21.0
45,4.560783589287684,3,24.0,4.5,2.0,19.0
24,12.420750390870612,0,24.0,5.0,0.0,22.0
36,7.646982582847267,3,23.0,4.4,1.0,20.0
28,19.974200402690443,3,24.0,4.5,1.0,20.0
10,6.29013467763468,2,22.0,4.5,1.0,13.0
24,13.735965288529389,0,23.0,4.9,1.0,23.0
14,11.983297481116157,3,20.0,5.0,1.0,20.0
32,19.36321160672078,3,22.0,4.8,0.0,21.0
11,1.5128534404983927,0,20.0,4.8,1.0,9.0
29,7.600983953739401,1,23.0,4.7,1.0,17.0
22,19.041749536212407,3,27.0,4.9,1.0,19.0
10,1.5318406299867455,0,21.0,4.6,1.0,9.0
17,1.5093577696337532,0,23.0,5.0,1.0,10.0
17,4.560734055769101,3,21.0,4.5,0.0,19.0
27,8.936297424957562,3,30.0,4.5,1.0,19.0
28,1.572533729286321,0,31.0,4.8,0.0,10.0
20,4.717601092054723,1,21.0,5.0,0.0,17.0
16,6.1186308844114,1,20.0,5.0,1.0,16.0
31,16.72059667667709,3,32.0,3.8,0.0,19.0
17,1.572533729286321,0,28.0,4.9,0.0,8.0
19,13.762197002525635,0,34.0,5.0,0.0,23.0
22,4.609743188391016,1,25.0,4.8,1.0,18.0
40,19.76171176132034,3,32.0,4.1,1.0,21.0
17,17.077999100718277,3,22.0,4.7,0.0,21.0
29,4.663600819587387,1,28.0,4.7,1.0,17.0
37,7.790237052802913,3,31.0,4.6,0.0,20.0
23,10.865065738215941,0,29.0,4.9,0.0,22.0
21,4.681791331017202,0,35.0,4.9,0.0,22.0
30,10.417030220680175,1,35.0,4.9,1.0,18.0
29,9.314044193379946,0,35.0,4.7,1.0,23.0
26,10.641490945494409,0,35.0,4.9,1.0,22.0
29,7.683765443180287,1,20.0,4.9,1.0,17.0
22,3.1049287712304117,0,36.0,4.9,1.0,10.0
33,9.326651352175272,3,30.0,4.7,1.0,19.0
12,4.476739560383941,0,29.0,4.6,0.0,22.0
21,3.145067434621583,0,34.0,4.1,0.0,10.0
41,12.107331188826926,3,21.0,4.9,1.0,19.0
30,6.081387490813416,1,39.0,4.9,1.0,16.0
32,7.601876617115989,3,24.0,4.2,1.0,19.0
35,12.418462399627495,1,36.0,4.5,1.0,17.0
17,7.5499128940674956,0,26.0,4.6,1.0,22.0
23,6.0504060616582525,2,22.0,5.0,1.0,15.0
17,20.555166462971748,0,20.0,4.9,1.0,23.0
21,10.806365520889612,0,27.0,4.5,1.0,23.0
42,9.056004306816446,3,21.0,3.7,1.0,19.0
28,2.9304365481025347,0,30.0,4.8,1.0,8.0
41,16.634870118211836,3,23.0,4.9,1.0,19.0
28,20.887400289948943,0,35.0,4.5,1.0,22.0
18,16.38508523506451,3,23.0,4.9,1.0,19.0
38,12.580267822400963,3,25.0,4.4,0.0,19.0
49,13.828993309155415,3,30.0,4.1,1.0,22.0
33,4.544215521132343,1,34.0,4.2,1.0,17.0
24,17.137407700371956,0,29.0,4.7,1.0,23.0
28,20.506343001219367,1,23.0,4.7,1.0,17.0
18,3.10533227339685,0,35.0,4.5,1.0,10.0
47,19.91431676645955,1,31.0,4.9,1.0,18.0
15,19.36342948174777,0,33.0,4.8,0.0,23.0
29,19.975632175541914,0,28.0,5.0,1.0,23.0
32,8.937788557678179,3,29.0,4.2,1.0,21.0
12,1.5527615060238593,0,23.0,4.9,0.0,8.0
47,20.206260324074304,1,38.0,4.7,0.0,17.0
28,19.88701283582688,1,27.0,5.0,1.0,17.0
27,6.210141144622586,2,32.0,5.0,1.0,14.0
25,1.509460397835505,0,32.0,4.9,1.0,9.0
27,4.67414369897644,3,21.0,4.6,0.0,21.0
22,16.78783038409468,3,29.0,4.8,1.0,20.0
28,9.348128423503157,3,33.0,4.5,1.0,19.0
39,13.767318777064409,3,31.0,4.0,1.0,19.0
19,17.074116110019787,0,37.0,5.0,0.0,23.0
28,16.90249592854745,0,29.0,4.6,1.0,23.0
39,13.789707457540985,1,36.0,4.3,1.0,17.0
33,6.080888252609821,2,39.0,4.1,1.0,14.0
44,17.16552279552974,3,31.0,4.9,1.0,20.0
20,3.05960707159485,0,30.0,4.7,1.0,9.0
26,4.674295333360666,1,36.0,4.7,1.0,18.0
43,19.364487993280896,3,33.0,5.0,1.0,20.0
32,4.717601092054723,3,24.0,4.4,1.0,20.0
20,12.236790662986138,1,25.0,4.9,1.0,17.0
26,4.596534542243907,1,39.0,4.5,0.0,18.0
34,7.325601106656934,1,34.0,4.4,0.0,18.0
23,17.075035490452994,3,25.0,4.9,1.0,19.0
50,12.420750390870612,3,34.0,4.7,1.0,20.0
42,20.178298581848242,3,32.0,4.6,1.0,20.0
24,6.20919924806096,1,26.0,4.8,1.0,16.0
10,9.349055143284817,3,25.0,4.8,0.0,20.0
22,3.116455382882508,2,37.0,4.6,1.0,12.0
22,1.5527001159059903,0,33.0,5.0,1.0,8.0
21,7.546888128063204,0,32.0,4.9,1.0,23.0
23,12.436148456121032,0,36.0,5.0,1.0,22.0
29,12.464390099643042,0,21.0,4.6,0.0,22.0
36,19.359307695550992,1,29.0,4.7,2.0,17.0
35,12.098699936279857,3,36.0,3.7,2.0,19.0
23,11.007734763744617,1,37.0,4.5,1.0,19.0
19,4.631778694091427,0,31.0,4.8,1.0,23.0
13,20.180911382710004,0,20.0,5.0,0.0,23.0
28,16.90165909457258,3,23.0,4.8,1.0,20.0
38,10.906432552887628,3,28.0,4.6,1.0,19.0
15,17.29786575291325,0,33.0,4.9,1.0,22.0
29,6.218076509100711,1,34.0,4.9,1.0,15.0
29,9.074647672837914,3,37.0,4.9,1.0,20.0
17,12.465199139446781,0,27.0,4.7,0.0,23.0
32,7.8626681674103684,3,30.0,4.3,1.0,21.0
21,6.29013467763468,2,28.0,4.9,0.0,14.0
37,10.867285240714487,1,35.0,4.7,2.0,18.0
29,9.076358225887674,1,29.0,4.9,1.0,17.0
22,6.146746629962817,2,37.0,4.7,1.0,13.0
23,7.6470478692714,3,27.0,4.9,1.0,21.0
24,19.915971082561146,0,21.0,4.6,1.0,22.0
31,12.419724873245404,1,26.0,4.6,1.0,18.0
26,19.890514223034963,0,35.0,4.6,0.0,22.0
53,12.580267822400963,3,34.0,5.0,3.0,21.0
49,16.659890497111146,3,22.0,4.7,0.0,20.0
29,7.660951720810249,0,30.0,4.7,1.0,23.0
30,10.705622903496973,1,33.0,4.8,1.0,17.0
47,13.99001950805727,3,39.0,4.8,1.0,20.0
16,1.5100935919216978,0,39.0,4.7,0.0,11.0
19,7.573467821949914,3,37.0,4.7,0.0,20.0
23,3.040688634015558,0,30.0,4.5,0.0,8.0
20,9.121044921629522,0,31.0,4.8,0.0,22.0
35,10.72467208673564,1,21.0,4.4,1.0,18.0
42,20.20658151050797,0,30.0,4.9,2.0,23.0
17,1.5320227740641719,0,35.0,5.0,0.0,8.0
23,3.108983787513406,2,23.0,4.7,1.0,11.0
33,13.989532157306375,3,21.0,4.4,1.0,19.0
30,10.867434750937747,1,31.0,4.8,1.0,18.0
29,16.659963190057415,0,25.0,4.5,1.0,23.0
20,3.0640094555094213,0,20.0,4.5,1.0,9.0
16,9.348112475389563,3,27.0,4.9,0.0,20.0
24,17.077999100718277,1,26.0,4.8,1.0,17.0
23,12.294187491090893,1,26.0,5.0,1.0,18.0
28,13.762754362295334,3,39.0,4.6,0.0,20.0
33,10.905970180191666,1,25.0,4.4,1.0,17.0
11,9.12201685083382,0,29.0,4.9,0.0,23.0
35,19.91431676645955,1,39.0,4.4,1.0,18.0
28,9.31397992220267,1,35.0,4.9,0.0,17.0
16,1.520455689583788,0,29.0,4.5,0.0,8.0
36,10.868240116750805,3,32.0,3.6,1.0,19.0
21,11.007734763744617,0,15.0,1.0,1.0,21.0
32,7.760928146685043,3,37.0,5.0,1.0,20.0
22,19.67506720408141,1,30.0,4.7,1.0,17.0
21,9.314044064891696,3,27.0,4.5,0.0,19.0
42,10.709003371535417,1,37.0,4.2,1.0,18.0
18,9.055525276451307,0,32.0,5.0,1.0,23.0
29,10.704672233866505,0,35.0,4.8,1.0,23.0
20,13.989146264477116,0,35.0,4.8,1.0,22.0
30,3.1162479956299673,2,31.0,4.8,1.0,11.0
33,20.181172140809302,3,21.0,4.6,0.0,19.0
29,3.1090585255903513,0,36.0,4.6,1.0,11.0
28,3.087924681704674,0,34.0,4.1,1.0,10.0
20,12.074114327172765,1,20.0,4.6,1.0,18.0
11,1.532234790495708,0,20.0,4.7,0.0,10.0
18,1.5323511358881128,0,23.0,4.6,0.0,9.0
13,4.596698554557205,3,21.0,5.0,0.0,21.0
32,9.363369184365062,3,26.0,4.7,1.0,21.0
22,13.610877575672198,1,37.0,4.8,0.0,18.0
28,12.11684826095673,0,23.0,4.6,1.0,22.0
29,1.5367515001848098,2,26.0,4.7,1.0,11.0
16,3.1090243972299714,0,26.0,4.8,1.0,9.0
23,10.564596934158217,0,20.0,4.5,1.0,23.0
30,10.86728673513013,3,23.0,5.0,0.0,21.0
34,12.580267822400963,3,23.0,4.1,1.0,21.0
15,3.145067434621583,0,28.0,4.9,1.0,9.0
25,10.428102699087153,3,27.0,4.5,1.0,21.0
25,12.073402311815224,1,23.0,4.9,1.0,18.0
27,9.17431677402621,1,30.0,4.6,1.0,18.0
26,6.081591883831901,1,34.0,4.8,1.0,16.0
36,16.853347148215086,1,26.0,5.0,1.0,17.0
32,6.128804224238059,1,36.0,4.1,1.0,16.0
10,20.179033045443177,0,29.0,4.8,1.0,23.0
18,7.660348489150972,0,29.0,4.6,1.0,23.0
24,3.1051103947027285,0,35.0,4.2,1.0,9.0
50,10.881199561003374,3,38.0,4.0,2.0,21.0
20,3.1048274856004796,0,37.0,4.8,0.0,9.0
18,3.058281575249995,0,26.0,5.0,1.0,8.0
33,3.1162384958431986,2,30.0,4.8,1.0,11.0
38,13.990192142064847,1,38.0,3.9,1.0,19.0
26,1.5369113551350593,2,33.0,4.8,1.0,11.0
24,9.07462863182012,3,34.0,4.5,1.0,20.0
37,19.97564217448985,3,35.0,4.3,1.0,21.0
40,13.973727486522968,3,38.0,4.3,1.0,20.0
19,3.145067434621583,0,37.0,5.0,0.0,10.0
28,12.580267822400963,1,23.0,4.7,1.0,18.0
27,13.583332471810195,3,20.0,4.9,1.0,19.0
42,13.61117180523985,3,34.0,4.4,0.0,21.0
35,4.537940846050908,3,30.0,4.6,1.0,20.0
28,10.568365698817919,0,25.0,4.7,1.0,23.0
16,4.537860442229041,1,28.0,5.0,0.0,17.0
22,4.588360239493078,3,29.0,4.7,1.0,20.0
20,17.13793593144315,1,28.0,4.9,1.0,18.0
44,13.403654333869842,3,35.0,4.5,3.0,20.0
26,9.19149730046093,1,31.0,4.8,0.0,19.0
39,20.851598740135785,1,21.0,5.0,2.0,18.0
26,10.569566051096942,0,39.0,4.8,1.0,23.0
37,17.29786575291325,0,31.0,3.6,1.0,23.0
42,16.852834881460105,1,26.0,4.9,1.0,18.0
17,1.4897995018082963,0,32.0,4.6,1.0,8.0
38,14.022321513257348,3,39.0,4.2,1.0,20.0
29,13.413644078076244,3,31.0,4.5,1.0,20.0
25,13.581198240269066,3,20.0,4.5,1.0,22.0
24,3.0734537599377685,0,35.0,4.1,1.0,9.0
24,12.435302723482724,1,31.0,4.8,1.0,18.0
20,19.36320422209685,3,22.0,4.8,0.0,20.0
32,4.537647566708254,3,32.0,4.2,0.0,19.0
23,4.476697312292275,0,26.0,5.0,1.0,23.0
33,4.610027010711368,1,37.0,4.1,0.0,18.0
18,4.537989684962583,0,25.0,4.7,0.0,22.0
15,13.82913165629175,3,28.0,4.8,0.0,21.0
48,13.766192440641818,3,31.0,4.8,1.0,20.0
29,20.25308886851953,0,33.0,4.7,1.0,23.0
44,11.007734763744617,3,36.0,4.2,2.0,21.0
27,6.1186308844114,1,31.0,4.7,1.0,16.0
15,6.058923147526397,2,26.0,4.7,1.0,13.0
15,1.5367187556842812,0,38.0,4.9,1.0,9.0
29,7.761199672759851,1,32.0,4.8,0.0,18.0
24,12.20986822612317,3,29.0,5.0,0.0,21.0
16,20.207797933358158,3,21.0,4.9,0.0,20.0
16,17.138105845700238,0,36.0,4.8,1.0,23.0
26,1.529751878579505,2,24.0,5.0,1.0,11.0
35,16.384502397510182,1,36.0,4.7,1.0,18.0
23,6.217851597564986,2,24.0,4.8,0.0,13.0
23,7.600990561376191,0,22.0,4.7,1.0,23.0
31,1.53058864856925,2,23.0,4.6,1.0,11.0
27,16.901690663165983,1,32.0,4.6,1.0,18.0
36,17.29786575291325,1,30.0,4.0,1.0,18.0
23,13.407238587856966,3,32.0,4.8,0.0,19.0
23,12.103166363270562,0,24.0,4.6,0.0,22.0
26,1.5441893951956143,2,24.0,4.8,1.0,11.0
22,6.29013467763468,2,27.0,4.8,1.0,12.0
39,4.590648124312415,3,22.0,4.7,0.0,19.0
11,9.193014472266961,3,26.0,4.7,0.0,21.0
38,20.2874478147303,1,30.0,4.3,0.0,18.0
21,1.5524796373051026,2,29.0,4.9,0.0,11.0
15,10.86671605798691,1,22.0,4.8,0.0,17.0
12,12.464528059716372,0,25.0,4.7,1.0,23.0
19,1.572533729286321,0,28.0,4.9,0.0,10.0
38,3.145067434621583,2,38.0,4.7,1.0,12.0
29,3.1162880555409944,0,35.0,4.8,1.0,9.0
13,4.663772762376294,0,25.0,4.6,0.0,23.0
28,9.07437751153265,3,25.0,4.6,1.0,19.0
44,19.91296718928853,0,22.0,2.6,1.0,22.0
49,14.15280068944862,3,37.0,4.8,0.0,20.0
12,1.4901538808207615,0,35.0,4.7,0.0,9.0
22,20.8876039640118,0,31.0,4.9,1.0,23.0
19,11.983910535138023,0,39.0,4.6,1.0,23.0
29,6.14707622035735,2,31.0,5.0,1.0,12.0
32,6.146746629962817,1,33.0,4.0,1.0,16.0
17,1.4923452792807805,0,22.0,4.6,1.0,9.0
26,7.8626681674103684,0,34.0,4.7,1.0,22.0
23,16.72120319162223,0,30.0,4.5,1.0,23.0
18,1.5294841760997977,0,20.0,4.9,0.0,10.0
14,7.550511557032553,1,29.0,4.5,1.0,18.0
23,6.117673772819904,2,34.0,5.0,0.0,12.0
26,6.146683594473334,2,37.0,5.0,0.0,14.0
37,9.055898607912091,3,26.0,4.2,1.0,21.0
27,10.906379374468557,1,22.0,4.7,0.0,18.0
34,2.9794969556315394,2,30.0,4.7,0.0,11.0
30,6.210060323088704,2,28.0,4.7,1.0,13.0
30,11.007734763744617,3,31.0,4.9,1.0,21.0
29,1.5125686168842198,0,37.0,4.6,0.0,8.0
16,3.026096197898999,0,33.0,4.8,0.0,10.0
12,6.036244196933988,1,26.0,4.8,0.0,15.0
24,20.44292976252901,0,30.0,4.8,0.0,22.0
18,13.413644078076244,0,22.0,4.6,1.0,23.0
27,19.3626986679347,1,25.0,4.9,1.0,17.0
15,13.788581570141362,3,23.0,4.6,1.0,21.0
29,13.622067322393534,3,24.0,5.0,0.0,21.0
28,19.68841340777118,0,32.0,4.7,1.0,23.0
34,9.192686206949302,3,30.0,4.0,1.0,19.0
29,16.635223376953338,0,35.0,4.8,1.0,22.0
15,1.5522933461661421,0,29.0,4.4,0.0,8.0
15,6.209485214483088,2,24.0,4.8,1.0,13.0
20,17.07353769061412,1,20.0,4.9,0.0,17.0
27,19.76188040923094,1,20.0,5.0,1.0,18.0
22,19.36427479298585,1,27.0,4.8,1.0,17.0
19,3.059460076834105,0,22.0,4.7,0.0,8.0
19,13.969760212954796,3,29.0,4.8,1.0,19.0
19,16.8253834049009,1,20.0,4.7,1.0,18.0
44,19.68841340777118,3,32.0,3.7,0.0,20.0
39,17.097925435353915,3,33.0,4.5,0.0,20.0
19,1.514793721388757,0,26.0,4.4,1.0,9.0
15,1.572533729286321,0,39.0,5.0,1.0,9.0
41,19.39661829066159,3,24.0,4.7,1.0,19.0
36,12.237791615217148,0,37.0,4.2,0.0,23.0
18,7.651068542725116,0,23.0,4.8,0.0,22.0
31,17.138077427627866,1,36.0,4.8,1.0,18.0
24,1.536906134034303,0,32.0,4.6,1.0,9.0
21,7.683177078354373,3,20.0,4.5,1.0,19.0
20,3.1090243972299714,0,31.0,5.0,1.0,10.0
24,1.5367158933394087,0,30.0,4.4,1.0,8.0
28,7.772430463816821,1,30.0,4.8,1.0,17.0
39,16.384502397510182,1,38.0,4.3,0.0,17.0
16,20.506907204759106,0,26.0,4.7,1.0,22.0
38,12.098714903153644,3,25.0,4.3,1.0,20.0
24,16.827953238536708,0,27.0,4.5,1.0,23.0
35,12.236322809891128,3,37.0,4.4,0.0,19.0
13,7.763161028493024,3,27.0,4.8,1.0,20.0
38,20.253785359470783,3,32.0,4.2,1.0,20.0
16,1.5125976112065025,0,25.0,4.8,0.0,9.0
14,1.5439804079490134,0,20.0,4.6,0.0,10.0
19,7.63152482355472,0,30.0,4.7,1.0,23.0
35,4.656862974505059,3,30.0,5.0,2.0,21.0
26,4.674184358398377,1,24.0,4.6,1.0,18.0
28,4.560928430651938,1,27.0,4.8,1.0,18.0
19,4.537553114731602,0,26.0,4.9,1.0,22.0
23,16.902001940859687,0,37.0,4.5,0.0,23.0
39,16.902001940859687,1,37.0,3.5,1.0,17.0
30,6.050461888076144,2,35.0,4.9,0.0,13.0
31,19.65875217196504,1,37.0,4.2,1.0,17.0
29,7.659687719505771,0,34.0,4.7,1.0,22.0
16,4.596251207088927,1,38.0,4.6,1.0,18.0
32,13.405918573024547,3,29.0,4.2,1.0,21.0
31,10.867352908691128,3,30.0,4.3,1.0,19.0
43,13.68237887648496,1,33.0,4.1,1.0,18.0
37,20.070963243244915,1,26.0,4.6,1.0,17.0
16,7.562364213495008,0,28.0,4.5,0.0,22.0
21,12.098714903153644,0,26.0,4.6,1.0,23.0
29,11.983536457749452,0,22.0,4.9,1.0,22.0
31,19.761110067714096,1,27.0,4.8,1.0,17.0
13,12.116946920849994,0,27.0,4.6,0.0,22.0
22,13.611585111772158,0,33.0,4.9,1.0,23.0
25,3.104463374954771,0,37.0,4.9,1.0,8.0
34,10.723989806656368,1,29.0,5.0,1.0,18.0
30,6.081387490813416,2,30.0,4.8,1.0,14.0
19,4.58903875102421,0,28.0,4.5,1.0,23.0
17,10.86586608780909,1,23.0,4.5,1.0,17.0
26,1.5523608800116515,0,21.0,4.4,1.0,10.0
33,9.220881802736846,3,35.0,4.6,1.0,21.0
27,19.362825446415226,0,35.0,4.9,1.0,22.0
18,4.469157679084987,3,20.0,4.9,0.0,21.0
20,7.6481792534738355,0,35.0,4.5,1.0,23.0
22,2.979599835600764,0,23.0,4.8,0.0,8.0
28,19.088793977182952,1,39.0,4.9,1.0,17.0
20,10.427571382480686,0,33.0,4.7,0.0,23.0
24,6.050103074349793,1,29.0,4.7,1.0,16.0
35,12.419572625827143,3,36.0,4.0,1.0,20.0
26,4.610339345524684,3,34.0,4.9,1.0,20.0
49,8.938093974530164,3,32.0,4.4,1.0,20.0
35,16.384366809227615,3,23.0,4.7,1.0,20.0
19,1.572533729286321,0,37.0,4.9,1.0,8.0
26,3.025098484224574,2,38.0,4.5,0.0,11.0
40,10.5864846162781,1,28.0,4.9,1.0,17.0
22,9.054052950169497,1,27.0,4.8,1.0,17.0
29,4.657672650623545,0,23.0,4.0,0.0,23.0
33,20.253686746640913,3,34.0,4.4,1.0,21.0
28,6.210061176100266,2,24.0,4.6,1.0,14.0
24,1.5126165219141463,2,34.0,4.9,0.0,11.0
19,1.529622754840466,0,29.0,4.6,0.0,10.0
22,12.256046315965444,1,36.0,4.6,1.0,18.0
30,12.233151216488597,0,39.0,4.6,1.0,23.0
21,1.5582406301371106,0,36.0,4.7,0.0,10.0
30,6.218305855614172,2,35.0,4.6,0.0,14.0
35,10.60216485230212,3,32.0,4.2,1.0,20.0
15,9.326603239772547,1,38.0,4.8,0.0,18.0
26,6.116927321899057,1,30.0,4.6,1.0,16.0
26,12.419848147906494,3,27.0,5.0,1.0,19.0
18,6.0400812110621,1,33.0,5.0,1.0,15.0
14,3.025345653222032,0,27.0,4.6,0.0,8.0
33,16.902609492881677,3,29.0,4.2,0.0,21.0
37,11.9165950600701,3,36.0,4.6,2.0,20.0
27,17.29786575291325,1,22.0,4.8,1.0,18.0
24,8.953006164966736,3,21.0,4.8,1.0,20.0
39,13.99001950805727,1,37.0,4.1,2.0,17.0
19,4.4691549592640305,1,37.0,5.0,1.0,17.0
24,7.60180033473793,0,34.0,4.9,0.0,0.0
15,4.537989684962583,3,29.0,4.9,0.0,21.0
29,9.262902940888349,3,34.0,4.7,1.0,19.0
11,9.192119121311745,1,26.0,4.8,0.0,18.0
34,12.418408999826822,1,30.0,4.3,0.0,17.0
11,4.657857733630665,0,24.0,4.6,1.0,23.0
45,14.044925285939733,3,37.0,4.6,2.0,19.0
36,16.90375725452544,1,38.0,3.6,1.0,18.0
27,19.976712110350487,3,21.0,4.9,0.0,21.0
14,1.5093844931452696,0,20.0,4.7,1.0,11.0
23,9.121499067661924,3,24.0,4.7,0.0,20.0
25,4.596576884051942,1,34.0,4.9,0.0,18.0
15,1.572533729286321,2,20.0,4.9,0.0,11.0
22,4.544230975252655,3,20.0,4.7,1.0,19.0
19,2.996229260539909,2,23.0,4.7,0.0,11.0
32,10.641157729337541,1,37.0,4.2,0.0,18.0
26,10.593374354489852,1,22.0,4.9,1.0,17.0
30,10.641581256626232,3,20.0,4.8,1.0,22.0
15,14.022321513257348,0,26.0,4.7,1.0,23.0
31,3.04081604085675,2,29.0,4.4,1.0,11.0
36,20.85172635753384,0,31.0,4.3,1.0,22.0
23,5.874816158028467,1,25.0,4.7,1.0,16.0
15,17.07679057474372,3,29.0,5.0,0.0,21.0
28,2.9961602588172505,0,34.0,4.6,1.0,8.0
40,6.128804224238059,2,23.0,3.9,1.0,14.0
21,7.631544914988776,1,34.0,4.7,1.0,18.0
16,3.0736336615831137,0,29.0,4.5,1.0,10.0
16,4.469166522803337,1,34.0,5.0,1.0,17.0
30,6.040077478866117,2,26.0,4.8,1.0,12.0
24,12.292599798532462,0,27.0,4.7,0.0,23.0
21,3.121378243248519,2,28.0,4.6,0.0,11.0
27,17.29786575291325,0,27.0,4.9,1.0,23.0
44,11.983203974931632,1,33.0,4.1,1.0,18.0
28,1.5203565961705499,0,37.0,4.3,1.0,9.0
20,9.348109676504626,3,22.0,4.6,1.0,20.0
38,4.674181485440602,3,31.0,4.4,1.0,20.0
20,9.435201537430714,0,32.0,4.5,1.0,23.0
10,8.93786088183146,0,27.0,4.8,1.0,23.0
15,3.025656084205931,0,39.0,4.8,0.0,9.0
25,9.220881802736846,3,31.0,5.0,1.0,21.0
22,7.683850219127101,1,38.0,4.6,1.0,19.0
17,6.147160558529004,1,28.0,5.0,1.0,15.0
30,19.68841340777118,1,35.0,4.6,1.0,19.0
26,16.411946865277123,3,20.0,4.6,0.0,19.0
31,12.435540495461442,3,24.0,4.8,1.0,20.0
19,17.16592025387135,0,25.0,4.7,0.0,22.0
15,4.537922749289298,3,20.0,4.6,1.0,20.0
40,11.007734763744617,3,37.0,4.6,2.0,19.0
25,7.683177078354373,3,22.0,4.7,0.0,22.0
35,10.865882927764757,3,30.0,4.9,1.0,21.0
26,9.326602961232513,1,37.0,4.6,0.0,18.0
27,12.463962426993913,3,37.0,4.8,1.0,21.0
25,6.209259882041872,1,34.0,4.9,1.0,16.0
47,9.327028546829316,3,38.0,4.3,3.0,19.0
39,10.641407763221139,1,39.0,4.9,1.0,17.0
41,16.601276790345967,3,39.0,4.3,1.0,19.0
18,1.492277916765971,0,36.0,4.9,1.0,10.0
24,1.5303005968363894,0,30.0,4.5,1.0,8.0
20,9.122108408658214,3,23.0,4.6,1.0,21.0
25,1.572533729286321,2,37.0,4.8,0.0,11.0
34,9.263556234288133,3,32.0,4.6,1.0,19.0
41,20.182728114832916,3,37.0,3.8,0.0,19.0
33,6.232403352170867,1,33.0,4.1,1.0,16.0
12,1.5322206834602052,0,27.0,4.9,0.0,10.0
22,13.682164589270348,0,35.0,4.9,1.0,23.0
29,3.0736169345596607,2,35.0,4.9,0.0,11.0
46,16.635770753608572,3,22.0,4.9,2.0,20.0
19,20.183481365845186,3,27.0,4.5,0.0,20.0
12,2.9303450916192486,0,27.0,4.6,1.0,10.0
16,17.075035490452994,1,24.0,4.8,1.0,19.0
34,10.565262855251525,1,26.0,4.0,1.0,19.0
24,3.145067434621583,0,31.0,4.5,1.0,8.0
20,20.181186875221297,3,25.0,5.0,1.0,21.0
45,12.292599798532462,3,35.0,4.7,1.0,21.0
18,9.074744674241005,3,38.0,4.8,0.0,19.0
41,20.20634489518928,1,37.0,4.9,1.0,17.0
43,16.822155609317257,3,25.0,4.2,1.0,21.0
39,11.983647402103102,1,24.0,4.4,1.0,18.0
19,8.940047176804278,0,29.0,4.5,1.0,23.0
34,12.43584244017328,1,34.0,4.7,2.0,17.0
12,9.193469879776632,0,28.0,4.9,0.0,22.0
21,19.672510483834948,3,21.0,4.6,0.0,19.0
29,9.326829542520468,3,32.0,4.5,0.0,21.0
17,1.5126000890232916,0,30.0,4.7,1.0,8.0
23,11.007734763744617,0,20.0,4.8,1.0,23.0
28,20.851598740135785,0,37.0,4.8,1.0,23.0
16,7.761422437275377,1,23.0,4.9,1.0,19.0
19,9.075387359616569,3,35.0,4.8,1.0,19.0
17,3.064427093024872,0,34.0,4.6,1.0,10.0
17,3.1053645449072986,0,35.0,4.7,1.0,8.0
21,12.107734496942113,3,24.0,4.7,1.0,19.0
21,20.207049940573643,1,31.0,4.8,1.0,18.0
42,17.29786575291325,3,39.0,4.9,1.0,21.0
20,10.602497166339631,0,35.0,5.0,1.0,23.0
48,12.162424445777306,3,21.0,4.7,2.0,19.0
22,9.07534450196205,1,22.0,4.7,1.0,17.0
13,3.073644027723396,0,24.0,4.6,1.0,9.0
17,7.601681384871197,0,22.0,4.7,0.0,22.0
13,7.762556904358444,0,34.0,4.9,1.0,22.0
12,12.100062421152574,3,28.0,4.8,1.0,21.0
17,4.596951629499114,0,25.0,4.5,1.0,0.0
16,6.147127365910595,2,20.0,4.9,1.0,13.0
41,19.618918347479877,3,23.0,4.6,2.0,19.0
26,9.12210553959038,3,36.0,4.6,0.0,21.0
14,1.5524290130723983,0,26.0,4.6,0.0,8.0
26,13.763977224427641,3,29.0,4.7,1.0,19.0
16,11.719960263754546,0,31.0,4.7,1.0,0.0
31,7.790158927084966,3,35.0,4.7,1.0,21.0
10,6.232177403679017,2,22.0,4.5,1.0,13.0
15,7.772241719523235,1,29.0,4.6,1.0,18.0
48,13.582342704260105,3,33.0,4.1,1.0,20.0
10,10.865675782880029,3,20.0,4.5,0.0,19.0
46,10.756990051436132,3,36.0,4.1,2.0,19.0
17,13.428872375814212,0,28.0,4.7,1.0,22.0
17,12.435806041180756,0,21.0,4.7,1.0,23.0
12,3.0643351463849164,2,25.0,4.8,0.0,11.0
28,7.660957436559021,0,37.0,4.6,1.0,22.0
15,17.076596635444833,0,22.0,4.5,0.0,22.0
33,20.44292976252901,0,33.0,4.5,1.0,23.0
28,7.661373718933812,0,39.0,4.8,1.0,23.0
13,6.232180611484166,2,26.0,5.0,0.0,15.0
15,12.418981672303648,1,25.0,4.7,1.0,17.0
19,14.15280068944862,3,22.0,4.9,1.0,19.0
19,12.580267822400963,1,26.0,4.6,1.0,17.0
36,20.253584375809147,1,34.0,4.6,1.0,18.0
15,3.1162419915691593,0,38.0,4.7,1.0,9.0
36,1.536864059415262,2,27.0,4.2,1.0,11.0
20,2.9796333006391293,0,23.0,5.0,1.0,8.0
32,13.631440268080546,3,37.0,4.5,1.0,19.0
11,7.4489701519330795,0,29.0,4.5,0.0,23.0
10,1.5524796373051026,0,21.0,5.0,0.0,9.0
33,13.63122853449607,3,27.0,4.9,1.0,19.0
16,16.41281017631183,3,26.0,4.7,1.0,21.0
33,13.973182653917394,3,35.0,3.5,0.0,19.0
45,10.906257371570659,3,36.0,5.0,1.0,20.0
24,1.4906380442411205,0,32.0,4.3,1.0,8.0
29,3.145067434621583,2,32.0,4.7,1.0,12.0
43,12.418981672303648,3,29.0,4.8,2.0,21.0
38,13.989146264477116,0,39.0,3.6,2.0,22.0
13,13.830329612968956,0,20.0,5.0,1.0,22.0
19,3.105268883133742,0,20.0,4.7,1.0,11.0
27,12.580267822400963,3,25.0,5.0,1.0,21.0
13,1.5128534404983927,0,31.0,4.8,1.0,8.0
19,9.220418694558179,3,37.0,4.9,1.0,21.0
24,1.572533729286321,0,35.0,4.5,1.0,8.0
24,12.419850660252768,0,28.0,4.7,1.0,22.0
12,6.2323920207909005,1,23.0,4.6,1.0,15.0
18,10.906042243292653,3,26.0,4.6,0.0,20.0
44,17.078706390631634,3,23.0,4.8,1.0,21.0
24,3.059460076834105,0,30.0,5.0,1.0,8.0
30,6.129149863507623,2,36.0,4.5,1.0,12.0
25,7.562950099273998,1,33.0,4.6,1.0,18.0
42,11.720801597550349,1,37.0,4.7,1.0,17.0
25,16.38385607184808,3,28.0,4.9,0.0,20.0
48,13.788957415778517,3,35.0,4.5,1.0,21.0
25,4.674341511234465,1,25.0,4.6,1.0,18.0
19,12.161642370389037,1,26.0,4.9,1.0,18.0
33,16.722548420715,3,27.0,4.2,1.0,20.0
17,9.435201537430714,0,36.0,5.0,0.0,22.0
23,3.058697313879674,0,25.0,4.4,1.0,10.0
39,12.116886186590971,0,38.0,3.7,1.0,22.0
20,12.1610162189127,3,22.0,4.9,1.0,21.0
26,17.13751702263965,3,37.0,4.6,1.0,20.0
22,1.5580994617898951,0,39.0,5.0,1.0,8.0
32,4.6104717430464985,3,37.0,4.3,1.0,21.0
26,4.4691549592640305,3,39.0,5.0,1.0,21.0
23,16.90249592854745,3,25.0,4.6,1.0,19.0
26,8.987828354729745,1,29.0,4.8,1.0,17.0
18,6.217834398578936,2,20.0,5.0,1.0,13.0
18,13.611544388190575,3,21.0,4.7,0.0,21.0
22,19.917248415728803,0,28.0,4.6,1.0,23.0
30,17.097651549864548,1,35.0,4.6,1.0,17.0
17,1.5135833475075773,0,25.0,4.5,0.0,9.0
24,3.025079987314703,0,28.0,4.1,1.0,8.0
28,10.867300462045835,3,20.0,4.6,1.0,19.0
27,17.29786575291325,1,24.0,4.7,1.0,18.0
32,16.385047886584577,3,35.0,3.5,1.0,21.0
30,4.596576884051942,3,39.0,4.8,1.0,19.0
12,1.489829154062434,0,28.0,4.7,1.0,8.0
33,10.417061581463948,3,22.0,5.0,2.0,21.0
36,13.583068670275285,3,25.0,4.3,1.0,20.0
25,20.44292976252901,3,20.0,4.9,1.0,20.0
30,11.917779612813971,3,35.0,4.7,1.0,20.0
23,3.1162228846223834,0,23.0,4.3,1.0,10.0
16,9.192686206949302,0,32.0,4.6,0.0,23.0
20,1.552560983126433,2,26.0,4.6,1.0,11.0
26,6.146925931738805,2,22.0,4.6,1.0,13.0
28,7.567428130430248,3,38.0,4.9,1.0,21.0
28,5.8604999332882075,1,25.0,4.8,1.0,15.0
16,4.560928430651938,0,29.0,4.2,0.0,22.0
19,16.822056546203214,3,26.0,4.7,1.0,19.0
42,10.711185800959656,0,35.0,4.1,1.0,22.0
16,7.660840811905797,3,21.0,4.5,0.0,19.0
12,4.717601092054723,1,23.0,4.8,0.0,17.0
19,3.1046911695399038,0,27.0,4.7,1.0,8.0
33,13.611585111772158,3,24.0,4.9,1.0,20.0
13,1.4898458841183333,0,26.0,4.8,1.0,8.0
30,7.54997184471634,1,32.0,4.7,0.0,17.0
16,6.232303380306801,1,31.0,4.7,0.0,17.0
19,10.42999110860193,0,30.0,4.8,1.0,23.0
26,10.586824027282614,0,29.0,4.9,1.0,23.0
38,12.103166363270562,1,38.0,4.4,1.0,18.0
54,20.253459166411545,3,33.0,5.0,1.0,21.0
26,10.280368205885216,0,39.0,4.7,1.0,23.0
42,13.9707596607468,3,29.0,4.1,1.0,20.0
18,9.348072739621905,0,22.0,4.6,0.0,22.0
31,6.2104161583775,2,38.0,4.3,1.0,12.0
37,20.25292440884735,3,35.0,4.4,1.0,19.0
32,3.1162880555409944,2,22.0,4.6,1.0,12.0
17,4.561267998364189,1,36.0,4.6,1.0,19.0
23,7.7624991757103565,1,28.0,4.8,0.0,17.0
27,17.29786575291325,1,23.0,4.6,1.0,18.0
28,12.074047498027575,0,38.0,4.6,0.0,22.0
22,4.663566689152146,3,28.0,4.6,1.0,20.0
19,2.979410112022739,0,25.0,4.8,1.0,10.0
22,14.021812013196106,0,27.0,5.0,1.0,22.0
13,17.29786575291325,0,22.0,5.0,1.0,22.0
33,8.937880155829204,1,38.0,4.3,1.0,18.0
23,1.4895293820617894,0,27.0,4.8,1.0,10.0
23,14.022476786450992,3,21.0,4.8,1.0,21.0
16,12.09902345211663,0,23.0,4.7,0.0,23.0
19,7.564859910416516,1,33.0,5.0,1.0,17.0
19,12.256421318543588,0,31.0,4.9,0.0,22.0
15,14.02323208308448,0,32.0,5.0,1.0,23.0
34,16.851875921653388,3,38.0,4.3,0.0,21.0
27,4.589834614418373,3,31.0,4.7,1.0,21.0
18,9.435201537430714,0,28.0,4.9,1.0,22.0
25,20.178267239099554,1,25.0,4.5,0.0,18.0
28,12.238686345324815,1,26.0,4.7,1.0,17.0
38,17.13751702263965,1,31.0,4.2,1.0,18.0
31,6.242485073474712,1,36.0,5.0,1.0,16.0
16,20.44292976252901,3,20.0,4.6,0.0,20.0
17,10.707675026486205,3,25.0,4.7,1.0,21.0
37,17.137660049154135,3,33.0,4.3,1.0,20.0
17,9.219878421275038,1,25.0,4.8,1.0,17.0
39,3.105091096509636,2,25.0,4.4,1.0,11.0
26,3.105369890908668,0,37.0,4.8,0.0,8.0
15,12.161642370389037,3,39.0,4.5,1.0,19.0
29,20.179033045443177,3,33.0,4.9,1.0,19.0
17,9.314115494737472,3,22.0,4.6,1.0,21.0
20,16.902609492881677,0,33.0,5.0,1.0,22.0
19,1.5525876685610625,0,21.0,4.5,1.0,10.0
38,4.610035602260694,3,31.0,4.8,1.0,20.0
34,13.682516298592299,1,38.0,4.1,1.0,17.0
27,13.682511992314726,0,31.0,4.6,0.0,23.0
38,12.41960204102968,1,23.0,4.1,0.0,17.0
26,4.528183776759067,1,27.0,4.8,1.0,17.0
29,11.936703507445106,0,24.0,4.5,1.0,22.0
20,1.509467584367178,0,23.0,4.7,1.0,11.0
28,9.363935309152732,0,35.0,4.8,1.0,23.0
43,16.72211837577326,1,30.0,5.0,2.0,18.0
29,1.5293705867132357,2,35.0,5.0,1.0,11.0
27,6.2323920207909005,1,34.0,4.6,1.0,15.0
25,13.409281444578205,3,23.0,4.6,1.0,20.0
20,19.66102221350665,0,31.0,4.8,0.0,22.0
27,7.7625474744641085,3,28.0,4.6,1.0,19.0
19,4.6575909554297805,0,29.0,4.8,1.0,22.0
29,8.938097379311301,1,39.0,4.5,1.0,18.0
22,9.157620842369019,0,28.0,4.2,1.0,0.0
18,3.0405702571576674,0,38.0,4.8,1.0,9.0
39,12.580267822400963,3,35.0,3.7,1.0,21.0
41,12.099122314389794,3,36.0,3.5,0.0,19.0
25,1.5204704557283455,0,31.0,4.8,1.0,10.0
25,12.253528674537144,0,39.0,5.0,1.0,22.0
13,1.558137239175215,0,26.0,4.6,1.0,10.0
29,1.572533729286321,2,23.0,4.9,0.0,11.0
17,12.236723616598548,0,26.0,4.6,0.0,23.0
32,1.5322015943257514,2,39.0,4.6,1.0,11.0
24,4.469620875558295,0,39.0,5.0,0.0,23.0
16,4.66364460686909,1,37.0,5.0,1.0,17.0
27,19.87743959766233,1,22.0,4.5,1.0,17.0
32,6.29013467763468,2,30.0,4.1,0.0,12.0
28,4.663432201620595,3,34.0,4.5,0.0,20.0
25,6.080882967594328,1,20.0,4.7,1.0,16.0
26,1.5324173514302288,0,32.0,4.9,1.0,11.0
32,13.611428630407849,3,35.0,4.3,1.0,20.0
19,19.760080920474554,3,39.0,4.7,1.0,19.0
22,6.181400210650747,2,23.0,4.5,1.0,14.0
25,4.65715978228187,3,29.0,4.7,0.0,19.0
12,7.761498257466441,0,30.0,4.9,0.0,23.0
26,19.840099821486536,0,39.0,4.6,1.0,22.0
14,4.544085706303389,1,22.0,4.7,1.0,17.0
24,7.546888128063204,3,22.0,5.0,0.0,21.0
39,6.232152800668749,2,20.0,4.3,2.0,13.0
34,14.15280068944862,3,35.0,3.7,0.0,21.0
30,17.07799287216204,1,33.0,4.8,1.0,18.0
17,9.175193844437826,1,25.0,4.7,1.0,17.0
17,7.790109178658858,0,36.0,4.7,0.0,22.0
53,13.68092007746041,3,31.0,4.6,0.0,20.0
53,13.63127120906983,3,33.0,4.6,1.0,20.0
38,12.435005114517457,1,27.0,4.0,0.0,18.0
29,10.906379593113723,1,36.0,4.9,1.0,17.0
23,3.059460076834105,0,25.0,4.8,1.0,8.0
16,4.610456146048326,1,32.0,4.7,0.0,17.0
14,9.055364789945113,0,28.0,4.8,0.0,22.0
22,12.293745665244252,1,23.0,4.6,0.0,18.0
27,1.5125746930783428,0,28.0,4.1,0.0,8.0
49,16.659890497111146,1,35.0,4.8,3.0,18.0
11,9.181151801248024,1,27.0,4.5,1.0,18.0
18,11.916582838288104,3,27.0,4.5,1.0,21.0
22,4.56126563284071,0,34.0,4.9,0.0,23.0
33,19.62733175349919,3,34.0,4.4,1.0,21.0
37,19.88997830374344,1,27.0,4.4,1.0,18.0
29,4.39541794892745,3,37.0,4.7,1.0,21.0
18,4.663772762376294,0,38.0,4.9,1.0,22.0
33,10.705559922396555,3,22.0,5.0,1.0,21.0
33,10.906036622245484,1,24.0,4.8,1.0,18.0
24,19.688308620509062,0,28.0,4.6,1.0,23.0
51,12.580267822400963,3,35.0,4.0,1.0,22.0
32,12.42069253996503,1,29.0,5.0,1.0,17.0
39,10.703215446671857,3,30.0,5.0,2.0,19.0
32,4.561112369847916,3,26.0,4.0,1.0,21.0
39,16.635451215537916,3,34.0,4.1,1.0,20.0
29,13.611428630407849,3,37.0,4.7,1.0,19.0
29,13.989852322089257,0,36.0,4.8,1.0,23.0
27,4.610254758948449,1,35.0,4.7,0.0,17.0
18,9.435201537430714,1,33.0,4.7,1.0,18.0
44,13.631330662170873,3,35.0,4.9,1.0,20.0
15,7.547357671334388,0,39.0,4.6,0.0,22.0
21,10.723286946137813,0,35.0,4.7,1.0,22.0
10,4.464808750409879,0,24.0,4.6,1.0,23.0
41,12.07439552568561,3,36.0,3.7,1.0,21.0
38,20.44292976252901,3,37.0,4.2,2.0,20.0
47,10.868667520702992,3,25.0,4.7,0.0,21.0
10,4.476833260713621,3,23.0,4.9,0.0,19.0
23,13.788747286078188,0,38.0,4.5,1.0,22.0
31,16.787858845426342,1,26.0,4.6,1.0,17.0
21,1.5525722988574742,2,29.0,4.7,0.0,12.0
31,7.448311138215936,3,38.0,4.7,1.0,19.0
11,3.059554247595471,0,21.0,4.8,1.0,11.0
23,16.849904095492622,0,22.0,4.5,1.0,23.0
35,16.85361872985359,3,26.0,4.0,0.0,20.0
18,17.077821017427635,3,26.0,4.6,1.0,20.0
13,3.105095437473336,0,20.0,4.9,0.0,10.0
48,20.44292976252901,3,35.0,4.9,1.0,19.0
15,10.756990051436132,0,32.0,4.6,0.0,23.0
28,7.8626681674103684,0,36.0,4.9,1.0,22.0
32,13.82927367256702,3,37.0,3.5,1.0,21.0
31,1.529751878579505,0,38.0,4.2,1.0,9.0
34,9.314908769971195,3,39.0,4.6,2.0,20.0
26,16.637054384885012,0,22.0,5.0,1.0,23.0
18,7.772282029629311,0,39.0,4.6,1.0,23.0
33,13.392612276663236,1,38.0,3.5,1.0,18.0
34,9.313347514768024,0,30.0,4.2,1.0,23.0
28,6.037225392443855,2,31.0,4.5,0.0,15.0
22,13.620979500078569,3,24.0,4.8,0.0,20.0
32,20.85157880964364,3,31.0,3.8,1.0,22.0
28,9.327055824816654,3,31.0,4.9,1.0,19.0
27,7.763485791200292,3,28.0,4.9,1.0,19.0
38,20.206804295781904,1,37.0,3.5,2.0,17.0
16,4.469223038792308,1,31.0,4.7,1.0,18.0
19,12.099122314389794,0,27.0,4.6,0.0,22.0
19,3.1051455399287056,0,22.0,4.6,1.0,10.0
15,9.314920531574971,0,21.0,4.7,0.0,23.0
31,7.600983953739401,1,32.0,5.0,0.0,18.0
29,3.0250598092773755,0,36.0,4.7,0.0,9.0
20,12.293677673573285,0,36.0,4.6,1.0,23.0
17,3.1088209178699793,0,29.0,4.6,1.0,8.0
20,19.364277132208514,3,20.0,4.7,1.0,20.0
36,17.166080388499672,3,22.0,4.6,1.0,20.0
18,4.717601092054723,3,27.0,5.0,0.0,19.0
22,3.105095437473336,0,25.0,4.3,0.0,9.0
28,3.0589506421330555,0,39.0,5.0,1.0,9.0
16,12.420750390870612,1,27.0,4.8,0.0,17.0
27,17.09752652782741,3,25.0,4.7,1.0,19.0
33,10.642283429605715,1,36.0,3.6,0.0,17.0
27,4.5609611913435995,3,21.0,4.9,1.0,19.0
20,20.44292976252901,1,24.0,4.9,0.0,17.0
17,12.435806041180756,0,30.0,4.9,1.0,23.0
24,7.562364213495008,1,20.0,4.8,1.0,18.0
41,11.91712870001259,3,31.0,3.8,1.0,20.0
19,7.441086731738386,1,36.0,4.7,1.0,18.0
49,10.757499697083244,3,33.0,4.6,1.0,21.0
31,20.08073723498421,3,22.0,4.4,1.0,20.0
45,10.86728673513013,3,32.0,4.7,1.0,22.0
15,7.660957436559021,1,24.0,4.8,1.0,17.0
22,20.887400289948943,0,31.0,4.9,1.0,22.0
41,14.021812013196106,3,37.0,3.7,2.0,21.0
39,19.661098170299198,1,31.0,4.3,0.0,17.0
26,9.075423573606574,3,34.0,4.7,1.0,21.0
25,6.058876303739157,2,37.0,4.7,1.0,12.0
16,1.5126021292430176,0,34.0,5.0,1.0,10.0
39,19.883251553020397,3,32.0,4.5,1.0,20.0
22,1.5545063790428728,0,20.0,5.0,0.0,9.0
33,12.233735310134827,1,32.0,4.1,1.0,18.0
31,6.232193723015724,2,35.0,5.0,1.0,12.0
20,19.76188003558724,1,22.0,4.7,1.0,17.0
24,17.07644834661623,3,28.0,4.7,1.0,19.0
39,19.91059239709516,1,37.0,4.0,1.0,17.0
35,10.42769256917753,3,27.0,4.6,1.0,19.0
19,10.865584127340643,3,22.0,4.8,1.0,20.0
29,1.532229188735096,0,37.0,4.7,1.0,8.0
25,6.128363939648455,2,36.0,4.6,0.0,12.0
25,19.87743959766233,3,25.0,4.8,0.0,21.0
48,12.463941144204773,1,35.0,4.6,2.0,18.0
16,4.5611524272563715,1,39.0,4.5,1.0,18.0
16,7.8626681674103684,1,32.0,4.6,1.0,17.0
26,7.772252870923808,1,39.0,5.0,0.0,18.0
33,7.6508628104371885,3,38.0,4.4,1.0,19.0
38,17.076492495612452,1,34.0,3.5,1.0,17.0
28,3.01882678715419,0,35.0,4.7,0.0,10.0
28,4.596666925181527,1,27.0,4.8,1.0,17.0
38,10.72504264384306,3,30.0,3.8,1.0,21.0
10,1.489777721651655,0,22.0,4.8,0.0,10.0
28,10.724960763776828,1,27.0,4.5,1.0,18.0
15,7.573406195224182,1,29.0,4.6,0.0,18.0
40,13.7884543583669,0,36.0,4.7,1.0,23.0
48,5.952942537915231,2,35.0,4.0,2.0,12.0
10,3.0250598092773755,2,29.0,5.0,0.0,11.0
14,9.07534450196205,3,29.0,4.6,1.0,21.0
18,6.049956259946466,1,29.0,4.8,1.0,15.0
19,1.5092307910796248,0,37.0,4.7,0.0,10.0
18,1.5525629397903205,0,22.0,4.7,1.0,9.0
38,12.209856560906529,3,29.0,4.3,1.0,20.0
15,4.663419307399213,0,30.0,4.8,0.0,22.0
20,1.5147873459323735,0,25.0,4.0,1.0,9.0
41,16.659963190057415,0,36.0,4.4,2.0,22.0
39,12.103166363270562,0,32.0,3.8,2.0,22.0
32,6.147404652636645,2,20.0,4.8,1.0,13.0
40,12.162012260678955,3,36.0,4.3,1.0,21.0
17,13.968842021961057,0,30.0,4.8,0.0,23.0
15,5.958820916622007,1,32.0,4.8,1.0,15.0
20,1.572533729286321,0,32.0,4.9,0.0,9.0
32,6.210060323088704,2,34.0,4.0,0.0,14.0
29,1.529751878579505,0,32.0,4.8,1.0,9.0
24,9.074573554008944,1,24.0,4.8,1.0,18.0
21,6.120777222727992,1,24.0,5.0,0.0,15.0
28,14.15280068944862,0,38.0,4.6,1.0,23.0
48,10.704672233866505,1,36.0,4.5,1.0,18.0
30,10.881197531246407,3,34.0,4.7,0.0,21.0
15,7.683918689074729,0,24.0,4.5,1.0,23.0
47,10.485823064915824,3,30.0,4.2,3.0,19.0
27,1.5293705867132357,2,32.0,4.6,1.0,11.0
25,10.417061581463948,0,24.0,5.0,1.0,22.0
24,12.161009703058534,0,24.0,4.9,0.0,22.0
21,4.561113588992224,1,23.0,4.9,1.0,18.0
33,16.385802266862793,1,21.0,4.5,2.0,18.0
28,16.388478196037884,0,32.0,4.8,1.0,22.0
26,14.04460087552295,0,33.0,5.0,1.0,23.0
30,4.560740459631507,3,33.0,4.8,1.0,19.0
29,12.417687564200063,1,23.0,4.9,1.0,17.0
16,13.610877575672198,1,23.0,4.5,1.0,17.0
25,4.469557550709276,3,24.0,5.0,1.0,19.0
44,10.587113705075845,3,30.0,4.8,1.0,21.0
38,8.937880155829204,1,32.0,4.1,0.0,17.0
27,12.43525673518922,3,22.0,4.9,1.0,21.0
31,7.447061074885405,3,38.0,4.3,1.0,21.0
17,3.018883117682491,0,27.0,4.9,1.0,8.0
34,17.074806111801863,3,32.0,4.1,1.0,21.0
26,20.253584375809147,3,20.0,4.9,0.0,21.0
34,4.395412768889443,1,34.0,4.3,1.0,17.0
24,14.045114628498522,3,22.0,4.8,1.0,19.0
27,20.178298581848242,1,26.0,4.9,1.0,18.0
15,10.60216485230212,1,20.0,4.8,0.0,18.0
16,14.021750803377119,0,35.0,5.0,1.0,23.0
22,3.145067434621583,2,26.0,4.8,0.0,12.0
20,3.018841258628892,0,30.0,4.6,0.0,9.0
12,12.081296070553403,0,22.0,4.8,0.0,23.0
44,19.659373527443684,3,30.0,4.7,1.0,19.0
42,19.762388480864143,1,32.0,4.8,1.0,17.0
32,9.314044064891696,1,37.0,4.9,1.0,18.0
22,4.528289130580048,1,25.0,4.7,0.0,18.0
48,6.04999326769204,2,38.0,5.0,3.0,14.0
23,6.232373004507649,2,24.0,4.7,1.0,12.0
35,13.405500819756533,3,26.0,4.7,1.0,20.0
27,6.081595038517862,1,26.0,4.7,1.0,17.0
27,12.42075005031367,3,27.0,4.8,1.0,19.0
31,3.01882678715419,2,34.0,5.0,1.0,11.0
13,16.851875921653388,0,23.0,4.6,0.0,22.0
21,4.717601092054723,3,24.0,5.0,0.0,20.0
31,13.830131455506187,3,33.0,3.9,1.0,21.0
19,4.674318760489487,0,26.0,4.7,0.0,22.0
31,7.449051156906713,3,36.0,4.7,1.0,20.0
26,3.145067434621583,2,36.0,4.7,1.0,11.0
43,12.580267822400963,3,26.0,4.7,1.0,19.0
29,7.772809995408273,3,30.0,4.8,0.0,20.0
26,12.256687342592269,3,24.0,4.8,0.0,21.0
21,16.63495545420892,1,33.0,4.9,0.0,17.0
44,17.09752652782741,3,32.0,4.6,0.0,20.0
33,9.326577421221064,3,36.0,4.8,0.0,20.0
14,7.772809995408273,3,23.0,4.5,1.0,19.0
21,17.09752492719776,3,23.0,4.8,0.0,21.0
35,16.3938118808,0,32.0,3.5,1.0,23.0
25,6.2178514120156425,2,34.0,5.0,1.0,13.0
17,1.5203447277401048,0,21.0,4.5,1.0,9.0
43,10.56497410160339,3,23.0,4.3,1.0,19.0
26,2.9303382895478234,0,39.0,4.5,0.0,9.0
18,5.968814211616434,1,23.0,4.9,1.0,15.0
37,20.20642094372373,3,37.0,4.5,1.0,21.0
14,4.469223038792308,0,29.0,4.9,1.0,23.0
16,13.215481259999029,0,35.0,4.5,1.0,22.0
18,1.5202938690324594,0,37.0,5.0,0.0,10.0
28,1.572533729286321,0,35.0,4.0,1.0,10.0
37,12.464226008964719,3,37.0,4.6,1.0,19.0
21,19.761706467413592,1,37.0,4.5,1.0,18.0
28,9.081833107521826,3,32.0,4.7,1.0,20.0
29,4.674153680097242,1,36.0,4.5,0.0,17.0
39,10.708220667367794,3,28.0,4.1,0.0,20.0
37,17.098593053938863,3,28.0,4.6,1.0,20.0
21,12.580267822400963,0,33.0,4.8,0.0,22.0
22,9.363084628485131,3,39.0,4.9,1.0,19.0
38,13.184918189761287,1,39.0,4.3,2.0,17.0
25,4.67414369897644,1,39.0,4.7,0.0,17.0
22,19.915298664494237,1,33.0,4.9,1.0,18.0
25,17.29786575291325,3,22.0,4.5,1.0,20.0
41,16.660108123693192,3,39.0,4.8,1.0,21.0
26,1.5204704557283455,0,38.0,4.3,1.0,10.0
19,20.182728114832916,0,22.0,4.9,1.0,22.0
18,1.5525569843004514,0,24.0,4.0,1.0,10.0
15,1.572533729286321,0,37.0,4.5,0.0,8.0
21,4.610365144357058,3,24.0,4.7,1.0,20.0
17,20.253058591951756,3,26.0,4.8,0.0,20.0
26,6.147194518583352,2,30.0,4.6,1.0,14.0
10,3.025144329113595,0,37.0,4.7,0.0,9.0
42,10.427215010407021,1,36.0,4.4,1.0,17.0
39,13.788282220013778,3,24.0,4.2,2.0,22.0
40,1.5147927355664839,2,28.0,3.9,1.0,11.0
21,1.5580739318105787,0,32.0,4.7,0.0,10.0
33,10.641581256626232,1,37.0,3.9,1.0,17.0
36,3.0734222587643045,2,37.0,4.1,1.0,11.0
24,13.789066440485813,0,28.0,4.8,0.0,23.0
33,6.054757424280905,2,32.0,5.0,1.0,14.0
11,12.23656153955492,0,21.0,4.7,0.0,22.0
24,3.0736267316959007,0,23.0,4.4,1.0,10.0
29,13.406088270680275,1,38.0,4.9,0.0,18.0
17,3.1051449132268645,0,33.0,4.6,1.0,10.0
36,10.704238934519315,3,23.0,4.3,1.0,19.0
10,5.958586130823786,1,27.0,4.7,0.0,15.0
17,10.416889336224843,0,35.0,4.9,0.0,23.0
18,3.145067434621583,0,23.0,4.7,1.0,8.0
11,3.0251533668867396,0,21.0,4.9,0.0,10.0
24,20.182634488293672,3,36.0,4.7,0.0,19.0
27,4.5877613789702085,3,34.0,4.6,1.0,21.0
24,13.583332471810195,3,25.0,4.6,1.0,19.0
30,10.565155904264532,3,32.0,4.7,0.0,20.0
48,12.100157238168938,1,37.0,5.0,1.0,18.0
32,12.25701219409813,1,26.0,4.8,1.0,17.0
24,13.61128304620412,0,25.0,4.6,1.0,23.0
38,17.074786485938343,1,35.0,4.6,2.0,17.0
35,20.55800038818806,3,32.0,4.7,1.0,20.0
39,10.641495972351702,0,31.0,3.7,0.0,22.0
21,17.138295790539786,1,27.0,4.6,0.0,17.0
30,20.17741678822261,1,32.0,4.7,1.0,17.0
15,6.0811084845161325,1,29.0,4.7,0.0,16.0
26,4.674174529063472,3,25.0,4.7,0.0,20.0
27,12.580267822400963,3,24.0,4.8,0.0,19.0
17,1.5525801593211894,0,35.0,4.8,1.0,9.0
14,1.5093577696337532,2,25.0,4.5,1.0,12.0
21,1.552331352726081,2,20.0,4.8,1.0,11.0
23,6.050551152462876,1,38.0,4.6,1.0,16.0
25,4.663658229921789,3,25.0,4.7,1.0,19.0
39,13.681056958913906,3,21.0,4.2,1.0,20.0
30,10.641042055468692,1,36.0,4.7,1.0,17.0
33,4.537640130462668,1,33.0,4.4,1.0,17.0
17,13.830206237242956,1,37.0,4.8,1.0,18.0
34,6.2101379656240985,1,32.0,4.4,0.0,16.0
17,9.074821802568852,0,35.0,5.0,0.0,22.0
38,12.418480328292787,1,32.0,5.0,1.0,17.0
27,1.572533729286321,0,20.0,4.5,1.0,8.0
29,19.976746466954737,3,21.0,4.8,1.0,19.0
18,7.8025506093777235,0,26.0,4.6,1.0,22.0
26,7.790314135591859,1,30.0,4.7,1.0,18.0
26,7.68369791028496,1,26.0,5.0,1.0,17.0
16,9.054602228168925,3,29.0,4.6,1.0,20.0
30,19.619196710684648,1,38.0,4.7,1.0,18.0
18,5.958771662511523,2,26.0,4.5,1.0,13.0
19,1.4906380442411205,0,35.0,4.7,0.0,8.0
39,13.611566722125085,1,39.0,4.6,0.0,17.0
15,10.587773645836048,0,23.0,4.6,1.0,22.0
20,1.5263760451805652,0,26.0,4.7,0.0,9.0
42,10.906036622245484,3,30.0,4.8,2.0,20.0
24,16.901828274275406,0,38.0,4.8,0.0,23.0
33,16.85256546543028,1,33.0,4.1,0.0,17.0
30,17.074256778794595,3,32.0,5.0,1.0,19.0
16,16.72146713385881,3,26.0,4.8,0.0,21.0
26,3.145067434621583,0,38.0,4.7,1.0,9.0
39,10.683799592737405,3,28.0,4.0,1.0,21.0
18,3.0736267316959007,0,28.0,4.8,1.0,9.0
17,3.0877926036871326,0,25.0,4.6,1.0,8.0
26,12.46418980459368,0,28.0,5.0,1.0,23.0
54,13.68149202266889,3,31.0,4.0,1.0,19.0
32,7.46114894864356,1,30.0,5.0,1.0,18.0
15,1.5366213355982792,0,27.0,4.7,0.0,9.0
14,1.5545511732988062,0,29.0,4.9,0.0,9.0
15,9.121036990826918,0,25.0,4.6,0.0,23.0
31,9.326577421221064,3,36.0,4.4,1.0,19.0
36,12.48470710194412,1,27.0,5.0,1.0,18.0
47,13.973207156405252,3,32.0,4.8,1.0,19.0
11,4.657127681974745,3,22.0,4.6,1.0,21.0
28,10.586541004121504,1,22.0,4.9,1.0,17.0
26,7.660205777239119,3,34.0,4.8,0.0,21.0
38,12.16161548161981,1,21.0,5.0,1.0,18.0
27,13.97317756157655,3,28.0,4.8,1.0,21.0
20,6.217860329667253,2,35.0,4.8,1.0,12.0
37,13.61082462242586,3,32.0,4.5,0.0,19.0
33,7.562921044749782,3,34.0,4.7,1.0,21.0
18,3.0408931296411703,0,34.0,5.0,1.0,10.0
12,4.464864633689886,3,24.0,4.8,1.0,21.0
29,6.146746629962817,2,36.0,4.9,0.0,13.0
23,11.007734763744617,3,28.0,4.8,1.0,19.0
22,14.044732915894159,3,28.0,4.7,1.0,20.0
11,6.05449875435502,1,26.0,4.9,1.0,16.0
23,4.53754359959467,0,32.0,4.8,1.0,22.0
39,9.326602961232513,3,31.0,4.2,2.0,21.0
15,1.572533729286321,0,25.0,4.5,1.0,9.0
38,13.184484437390376,3,24.0,4.6,1.0,20.0
21,10.707675026486205,1,22.0,4.6,1.0,17.0
17,1.572533729286321,0,36.0,4.6,1.0,9.0
34,10.923744986168584,3,22.0,4.6,0.0,20.0
28,4.540192983958517,3,23.0,4.8,1.0,19.0
27,17.29786575291325,0,26.0,4.8,1.0,23.0
40,16.385802266862793,3,29.0,4.0,1.0,20.0
16,3.073787868356216,0,20.0,4.1,0.0,9.0
21,3.1214062495331607,2,32.0,5.0,1.0,11.0
35,9.313449926160661,3,33.0,4.0,1.0,20.0
43,20.44292976252901,0,38.0,4.7,0.0,23.0
23,19.915298664494237,0,28.0,4.6,1.0,23.0
25,20.848074005447355,3,20.0,4.7,0.0,21.0
33,3.0184094452114865,2,37.0,4.1,0.0,11.0
29,16.72115728076054,0,32.0,4.9,1.0,22.0
20,11.917649947586655,1,39.0,4.7,0.0,17.0
23,16.38598063528554,3,26.0,4.9,1.0,21.0
21,7.720670489738337,0,34.0,4.7,1.0,22.0
22,7.600983953739401,1,23.0,4.7,1.0,17.0
15,9.314907489514155,3,26.0,4.7,1.0,19.0
20,4.656811824870756,0,37.0,4.7,0.0,23.0
17,7.76260023979039,3,28.0,4.9,1.0,19.0
29,12.116950608888414,0,34.0,4.7,0.0,23.0
46,19.36321160672078,1,36.0,4.2,1.0,18.0
26,1.5147861398649296,0,35.0,4.2,0.0,8.0
26,16.600361127912656,0,37.0,4.9,1.0,22.0
34,13.789485363023294,0,21.0,3.1,0.0,22.0
13,1.536906134034303,2,24.0,4.7,0.0,12.0
10,1.4981248106591787,0,20.0,4.7,0.0,8.0
21,1.552331352726081,0,20.0,4.7,1.0,9.0
22,3.0251533668867396,0,23.0,4.3,1.0,9.0
34,19.367701972031078,1,24.0,4.9,1.0,18.0
12,1.536836906549953,0,23.0,4.6,0.0,10.0
22,3.029512751162419,0,34.0,5.0,1.0,9.0
10,3.027483634851258,0,20.0,4.9,0.0,8.0
19,1.4898423067405666,0,38.0,4.9,0.0,8.0
17,4.717601092054723,3,35.0,4.7,1.0,21.0
21,7.546267706957737,3,33.0,4.6,0.0,20.0
28,7.4489701519330795,3,39.0,4.8,0.0,21.0
34,10.86586608780909,3,38.0,3.7,2.0,21.0
34,1.5125746930783428,0,30.0,4.1,0.0,10.0
17,17.29786575291325,0,27.0,5.0,1.0,22.0
16,3.116121839413475,0,24.0,4.1,1.0,10.0
35,10.642292301678436,1,35.0,5.0,1.0,18.0
21,11.747351283055355,1,28.0,4.7,1.0,17.0
20,10.88143182310278,0,38.0,4.6,1.0,23.0
17,9.363084628485131,1,35.0,4.7,0.0,17.0
50,4.5405743887312955,3,25.0,4.2,2.0,21.0
29,4.596698554557205,1,28.0,5.0,0.0,17.0
43,16.902001940859687,1,29.0,4.6,3.0,17.0
38,16.15276300944043,1,26.0,4.7,0.0,17.0
23,9.313300003113902,3,33.0,4.7,1.0,21.0
26,10.881329493408392,0,37.0,4.8,1.0,23.0
11,4.657159718107683,1,22.0,4.8,0.0,18.0
44,20.18085916835158,1,39.0,4.2,2.0,17.0
25,1.5322753274864631,2,33.0,4.8,0.0,11.0
33,1.4901739564930154,2,39.0,4.9,2.0,11.0
43,10.868212517103021,3,22.0,4.7,1.0,21.0
17,7.790426271963797,3,32.0,4.9,1.0,19.0
17,13.583068670275285,0,39.0,4.6,0.0,23.0
19,7.7720962407184935,0,24.0,4.1,1.0,22.0
18,10.868262820109699,1,23.0,4.8,1.0,18.0
28,3.0189069957366157,2,36.0,4.8,1.0,11.0
30,13.480957508143813,3,38.0,4.9,1.0,19.0
35,17.098467518755893,0,50.0,6.0,1.0,21.0
42,13.612447554496786,3,27.0,4.6,2.0,21.0
30,7.761780026108867,3,37.0,4.7,1.0,20.0
11,3.0295597395005274,0,26.0,4.9,0.0,8.0
12,9.315725653468126,0,25.0,4.7,1.0,22.0
34,6.128804224238059,2,31.0,4.6,1.0,15.0
34,12.256046315965444,0,27.0,2.8,1.0,23.0
24,6.29013467763468,2,33.0,4.8,0.0,13.0
16,4.663438748149055,1,37.0,4.6,1.0,18.0
15,4.610621612645187,3,23.0,4.5,1.0,19.0
21,4.717601092054723,1,24.0,4.8,1.0,17.0
30,13.767318777064409,3,23.0,4.8,1.0,21.0
15,20.28602593785875,0,35.0,5.0,0.0,23.0
24,5.9592931098219735,1,28.0,4.8,1.0,16.0
28,12.293569688294703,0,33.0,4.7,1.0,23.0
21,13.615833459011268,1,35.0,5.0,1.0,18.0
17,4.544264509631538,1,27.0,4.6,0.0,17.0
16,7.4489701519330795,1,23.0,4.8,1.0,17.0
24,7.683253857182166,3,26.0,4.7,1.0,20.0
19,16.635629218678122,0,24.0,4.6,0.0,23.0
15,7.772343594464245,0,36.0,5.0,0.0,0.0
20,1.536828545242727,0,27.0,5.0,1.0,8.0
19,1.5545625412407003,0,25.0,4.8,1.0,10.0
41,1.4687249859622196,2,32.0,4.3,1.0,11.0
15,7.68415541716559,1,23.0,4.7,1.0,17.0
26,3.1162385581768866,2,30.0,4.6,1.0,11.0
20,7.660957436559021,3,27.0,4.5,0.0,22.0
15,6.175848827388972,1,31.0,4.7,1.0,15.0
28,4.476870823146776,1,37.0,4.6,1.0,17.0
27,4.494246018081997,3,20.0,4.5,1.0,21.0
20,3.025332706173566,2,25.0,4.6,1.0,12.0
14,6.20919924806096,2,27.0,4.8,0.0,13.0
44,4.674393132741051,3,35.0,4.8,1.0,21.0
30,1.4922901835795404,0,38.0,4.1,1.0,9.0
25,11.916582838288104,3,22.0,4.9,1.0,21.0
53,16.384366809227615,3,36.0,4.9,1.0,21.0
24,12.464226008964719,1,29.0,4.9,1.0,18.0
23,1.572533729286321,0,37.0,5.0,1.0,10.0
31,9.36385112613482,3,31.0,5.0,0.0,21.0
38,20.287143464812583,3,25.0,4.6,1.0,19.0
36,3.145067434621583,2,29.0,4.2,1.0,11.0
14,4.65734737800111,0,25.0,4.8,1.0,23.0
26,1.5322206834602052,0,36.0,4.9,0.0,9.0
39,4.610339345524684,1,32.0,4.0,2.0,18.0
30,16.635820545592292,1,37.0,4.7,1.0,17.0
33,10.756961091860271,3,23.0,4.6,0.0,20.0
34,3.025098484224574,2,38.0,4.9,1.0,12.0
23,16.63651695459671,3,24.0,4.5,1.0,21.0
17,20.253258047708663,3,26.0,4.8,0.0,20.0
20,16.476590576083705,0,28.0,4.7,1.0,23.0
15,12.074047498027575,3,36.0,4.8,1.0,20.0
39,4.528158738548494,3,32.0,4.2,0.0,22.0
37,19.840099821486536,1,28.0,4.7,1.0,17.0
27,3.0250598092773755,0,22.0,4.2,0.0,10.0
12,12.074224380435524,0,24.0,4.9,1.0,22.0
26,7.8626681674103684,1,33.0,5.0,1.0,18.0
16,1.5525820816228664,0,26.0,4.9,0.0,8.0
18,6.037614687084906,2,29.0,4.6,0.0,12.0
19,9.075228438646324,0,20.0,4.9,0.0,22.0
33,16.384366809227615,1,32.0,4.8,1.0,18.0
18,11.919595217848318,0,27.0,4.9,0.0,23.0
25,7.631507423907812,3,34.0,4.8,1.0,21.0
15,7.772220444452982,0,30.0,4.6,0.0,22.0
33,13.762197002525635,1,32.0,4.3,1.0,18.0
28,7.601066543768378,1,39.0,4.9,0.0,17.0
21,6.105296485234226,1,22.0,4.5,1.0,15.0
25,19.76106632827125,0,37.0,4.9,1.0,23.0
26,10.709308833621588,3,30.0,4.9,1.0,19.0
25,4.656649028065795,1,38.0,4.5,1.0,17.0
44,10.881731319465793,3,34.0,4.8,0.0,20.0
26,9.12201685083382,3,24.0,5.0,1.0,20.0
11,7.646982582847267,3,24.0,5.0,0.0,19.0
44,12.294124530423586,3,32.0,4.4,1.0,20.0
15,7.68415541716559,1,39.0,4.6,1.0,18.0
35,9.313528459380548,3,36.0,4.7,0.0,20.0
44,10.642292301678436,3,24.0,5.0,0.0,21.0
15,3.145067434621583,0,33.0,4.7,1.0,8.0
24,16.60095424935038,3,26.0,4.7,1.0,21.0
35,17.29786575291325,3,36.0,4.1,0.0,21.0
39,20.18125982649362,1,37.0,4.9,1.0,18.0
30,6.054776863332266,1,37.0,4.9,1.0,15.0
27,16.384900933459228,3,36.0,4.7,0.0,19.0
20,7.448560816474598,3,28.0,5.0,0.0,19.0
43,16.83409066322075,3,22.0,4.6,1.0,19.0
43,12.237791615217148,0,31.0,4.6,0.0,23.0
28,12.256574293065658,3,22.0,4.9,1.0,22.0
25,7.562333809640329,3,20.0,4.9,0.0,20.0
40,17.076514098174254,0,32.0,4.1,2.0,23.0
43,19.975696041451314,3,26.0,4.9,3.0,21.0
18,14.15280068944862,0,24.0,4.8,1.0,23.0
28,1.572533729286321,0,34.0,4.6,1.0,10.0
45,19.915971082561146,1,39.0,4.4,0.0,18.0
20,10.586910515510665,0,29.0,4.9,0.0,23.0
46,6.1288740968464825,2,33.0,4.7,1.0,12.0
26,7.648690101362526,3,35.0,4.8,1.0,20.0
12,3.1089883297657854,0,25.0,4.9,1.0,9.0
26,7.60136893811491,1,37.0,4.6,0.0,17.0
12,9.313528459380548,0,27.0,4.7,1.0,22.0
15,4.5411497543865105,3,22.0,4.8,0.0,21.0
24,16.114084227696686,3,21.0,4.9,0.0,21.0
37,4.65818248829983,3,32.0,4.2,1.0,21.0
35,12.234822044206023,0,37.0,3.9,0.0,22.0
25,6.2086819840397665,1,28.0,4.8,1.0,15.0
28,19.663125922534896,0,35.0,4.6,1.0,23.0
34,6.218305855614172,2,29.0,4.1,1.0,14.0
11,10.60245939514964,3,25.0,4.8,1.0,21.0
13,8.92906001215989,1,26.0,4.9,1.0,18.0
19,6.1462436583934315,1,31.0,4.7,0.0,15.0
17,16.601240146481178,0,25.0,4.5,1.0,23.0
39,17.29786575291325,1,28.0,5.0,1.0,18.0
20,20.17903332454877,1,30.0,4.7,0.0,17.0
24,4.663419307399213,0,31.0,4.7,1.0,22.0
18,6.232139486668102,2,37.0,4.8,0.0,14.0
27,1.5367469794092732,0,35.0,4.9,1.0,10.0
33,3.0593634547239317,2,33.0,4.2,1.0,11.0
22,10.866215152975023,1,21.0,4.7,1.0,17.0
40,10.427668815941242,3,39.0,4.0,1.0,21.0
15,11.007734763744617,1,27.0,4.7,0.0,18.0
20,10.86627754255923,3,26.0,4.6,1.0,20.0
27,6.217851597564986,2,22.0,5.0,1.0,13.0
43,19.363385329656776,3,35.0,4.1,2.0,21.0
16,14.15280068944862,0,20.0,5.0,1.0,23.0
23,1.5544659606035225,0,26.0,4.8,1.0,8.0
38,19.65982489949014,1,37.0,4.6,1.0,18.0
22,6.037990253487766,2,29.0,4.6,0.0,14.0
48,13.582342704260105,1,39.0,4.2,1.0,17.0
22,4.663566689152146,0,22.0,4.3,0.0,23.0
30,1.536906134034303,2,23.0,4.7,1.0,11.0
30,20.286594955476687,3,28.0,4.8,0.0,21.0
26,9.121425981981247,3,26.0,4.7,1.0,19.0
24,10.867476143445908,1,24.0,4.9,1.0,18.0
36,10.757108800258132,3,31.0,4.3,2.0,20.0
34,4.578869084677205,3,30.0,4.6,1.0,20.0
44,16.151339134808936,1,32.0,4.2,1.0,18.0
25,19.660943947619934,1,25.0,4.9,1.0,18.0
25,13.989852322089257,3,35.0,4.8,1.0,20.0
28,1.5094402621798344,0,35.0,4.7,0.0,10.0
11,13.613850325840419,1,24.0,4.6,0.0,18.0
29,10.923997060639222,1,22.0,4.7,0.0,17.0
18,3.04081604085675,0,29.0,4.9,1.0,8.0
27,7.66031691183285,0,38.0,4.9,0.0,23.0
52,13.428916734966736,3,30.0,4.6,3.0,19.0
23,3.0643351463849164,0,26.0,4.8,1.0,10.0
28,1.5203573134022046,2,31.0,4.8,1.0,11.0
27,6.128684140033282,2,35.0,5.0,1.0,15.0
28,7.7626058902454,1,26.0,4.9,0.0,17.0
24,1.5524290130723983,0,26.0,4.8,1.0,10.0
19,7.683253857182166,3,35.0,4.5,1.0,19.0
35,12.42059924680664,3,37.0,4.1,1.0,22.0
15,16.36609806072431,1,22.0,4.5,1.0,18.0
23,2.979521049499924,0,23.0,4.8,1.0,10.0
28,9.435201537430714,0,34.0,4.3,1.0,22.0
16,16.822056546203214,0,26.0,4.9,0.0,23.0
17,6.209449516823057,1,24.0,4.9,1.0,16.0
11,6.05449875435502,2,26.0,4.8,1.0,12.0
40,16.606416161294955,1,31.0,4.4,0.0,18.0
15,20.20729968887068,1,37.0,4.7,1.0,18.0
30,5.875219258490915,2,36.0,4.8,1.0,14.0
32,10.707006464770936,3,24.0,5.0,1.0,19.0
24,7.790401360105752,1,26.0,4.6,0.0,17.0
47,10.75755477315807,3,30.0,4.8,2.0,20.0
39,13.407033668284814,1,30.0,3.5,1.0,18.0
10,7.661331134220826,0,28.0,4.7,0.0,23.0
21,12.294187491090893,3,27.0,4.8,0.0,20.0
15,7.7901565957028485,0,28.0,4.9,0.0,22.0
15,3.145067434621583,0,26.0,4.4,1.0,9.0
34,9.313614929815012,3,34.0,4.3,0.0,19.0
19,6.210589610314177,2,29.0,4.8,1.0,12.0
30,13.829314445199353,1,23.0,4.6,1.0,18.0
16,7.600983953739401,1,20.0,4.6,1.0,18.0
28,1.5204696675466998,0,20.0,4.4,1.0,10.0
15,17.137414711878986,1,28.0,4.6,0.0,17.0
21,7.761422437275377,3,20.0,4.9,0.0,21.0
22,7.6470478692714,3,23.0,4.7,1.0,21.0
20,9.435201537430714,0,29.0,4.9,0.0,23.0
24,4.656788095044164,0,32.0,4.8,1.0,22.0
19,10.75755477315807,0,23.0,4.8,0.0,23.0
30,4.657672650623545,3,33.0,4.7,1.0,19.0
39,20.206260324074304,0,33.0,4.1,0.0,23.0
26,4.588898780683796,1,30.0,4.6,1.0,19.0
24,3.05993332724141,0,33.0,4.9,1.0,9.0
27,10.427575355310204,1,25.0,4.7,1.0,19.0
10,7.7624991757103565,1,21.0,4.5,0.0,17.0
29,1.55255331684981,0,37.0,4.7,1.0,8.0
19,4.717601092054723,0,27.0,4.5,1.0,22.0
35,13.830756172608513,3,21.0,4.4,0.0,19.0
15,6.127106344248052,2,27.0,4.6,0.0,13.0
15,12.434913132379245,0,26.0,4.8,0.0,22.0
27,13.613850325840419,1,34.0,4.8,0.0,17.0
30,16.38598063528554,0,30.0,4.7,1.0,23.0
35,20.252967850083056,1,23.0,4.2,1.0,17.0
43,12.46418980459368,3,24.0,4.4,1.0,19.0
17,1.489792976782627,0,22.0,4.7,1.0,8.0
29,3.1051455399287056,2,30.0,4.9,1.0,11.0
28,6.29013467763468,2,36.0,4.7,1.0,14.0
29,10.756895455613911,1,35.0,4.5,1.0,18.0
23,10.867285240714487,0,34.0,4.7,0.0,22.0
15,7.546817179242812,0,37.0,4.7,1.0,22.0
33,6.058923147526397,2,24.0,4.1,2.0,13.0
34,9.19040310530244,3,35.0,5.0,1.0,21.0
40,19.36338289365832,3,34.0,4.2,2.0,19.0
24,6.118933768642428,2,29.0,4.6,1.0,12.0
23,12.42059924680664,0,34.0,4.9,1.0,22.0
30,6.128850978538233,1,35.0,4.5,0.0,15.0
26,6.210060323088704,1,22.0,4.6,1.0,15.0
25,4.596317855297838,1,31.0,5.0,1.0,17.0
29,17.29786575291325,0,21.0,4.9,0.0,22.0
15,4.544264509631538,0,24.0,4.1,0.0,23.0
21,12.24118768009516,1,39.0,4.6,0.0,18.0
21,10.704238934519315,0,25.0,4.8,1.0,23.0
19,1.572533729286321,0,35.0,4.9,0.0,8.0
25,20.887815554987384,1,20.0,5.0,1.0,18.0
32,19.87758403140865,1,34.0,4.1,1.0,19.0
34,13.989852322089257,1,28.0,4.0,0.0,17.0
33,5.992271563063166,2,31.0,4.6,1.0,14.0
42,10.641157729337541,3,27.0,4.4,2.0,20.0
26,6.051108888205776,1,35.0,4.7,0.0,15.0
18,9.08144495460351,1,26.0,4.5,1.0,17.0
31,17.09819699771769,1,21.0,4.5,2.0,18.0
52,16.635451215537916,3,36.0,4.1,0.0,21.0
26,11.936879026141172,1,35.0,4.7,0.0,18.0
48,13.763977224427641,3,32.0,5.0,3.0,20.0
31,4.406510550372121,3,33.0,4.0,1.0,22.0
32,16.60095424935038,1,23.0,4.6,0.0,17.0
17,6.051989448511275,1,30.0,4.6,1.0,16.0
14,20.18125982649362,0,20.0,4.8,0.0,23.0
21,19.976712110350487,0,26.0,4.9,1.0,22.0
34,3.0735639629147333,2,37.0,4.1,1.0,11.0
23,19.975916923135387,0,36.0,4.7,1.0,23.0
30,13.788957415778517,3,26.0,4.9,1.0,19.0
44,10.641490945494409,3,28.0,5.0,1.0,20.0
24,13.763977224427641,3,27.0,4.6,0.0,19.0
20,4.657857733630665,0,21.0,4.6,1.0,22.0
43,10.868262820109699,0,37.0,4.0,2.0,22.0
27,10.5864846162781,3,36.0,4.7,1.0,22.0
10,20.182685858169084,0,25.0,5.0,0.0,23.0
18,7.761160094160204,1,27.0,4.5,1.0,17.0
36,6.2323920207909005,2,30.0,4.2,0.0,12.0
17,2.9797958851316784,0,28.0,4.6,1.0,9.0
23,7.6608956642418224,1,24.0,4.8,1.0,17.0
16,10.563519849475314,0,36.0,4.8,1.0,22.0
27,14.15280068944862,3,33.0,4.5,0.0,19.0
21,7.60168152834193,1,27.0,4.5,0.0,17.0
26,7.761284984440735,3,34.0,4.5,0.0,20.0
16,4.560783589287684,0,26.0,4.9,1.0,23.0
36,12.294187491090893,3,38.0,3.9,0.0,19.0
31,6.12908533497929,2,35.0,4.1,1.0,13.0
23,7.761498257466441,3,22.0,4.6,1.0,19.0
26,6.147415198875053,1,20.0,4.7,0.0,15.0
23,4.6819181980021165,0,30.0,4.7,1.0,23.0
28,12.580267822400963,0,31.0,4.9,1.0,22.0
33,6.039424422924846,1,33.0,4.0,1.0,16.0
17,12.103166363270562,0,27.0,4.6,1.0,22.0
36,7.648322354566645,3,21.0,4.4,0.0,19.0
36,12.580267822400963,1,30.0,4.1,2.0,18.0
50,20.179033045443177,3,31.0,4.5,1.0,20.0
23,4.530874476268613,0,24.0,4.9,0.0,23.0
21,9.315702005351538,1,24.0,4.9,1.0,17.0
27,6.209021101535612,1,38.0,4.9,1.0,15.0
16,9.219878421275038,3,29.0,4.9,1.0,19.0
27,13.184483852766967,1,30.0,4.9,1.0,17.0
42,19.761706467413592,3,29.0,4.7,0.0,20.0
32,19.915731481294102,3,27.0,4.2,1.0,20.0
15,3.105369890908668,0,29.0,4.5,0.0,10.0
42,12.418575637818037,1,38.0,4.1,0.0,18.0
25,13.789630729980562,1,38.0,4.9,1.0,18.0
17,3.0878904668326292,0,29.0,4.9,1.0,9.0
35,11.983431370375916,1,24.0,4.6,2.0,17.0
37,20.182728114832916,1,32.0,5.0,1.0,17.0
16,8.811936584866032,0,27.0,4.3,0.0,22.0
18,12.257619701209578,3,22.0,4.9,1.0,21.0
11,14.15280068944862,1,21.0,4.5,0.0,18.0
42,7.790109178658858,3,36.0,4.0,0.0,19.0
50,17.076258901183188,3,31.0,4.2,1.0,21.0
22,5.959032639454782,1,29.0,4.8,1.0,15.0
20,4.657987774595949,1,26.0,4.9,1.0,18.0
23,5.958808071070684,1,21.0,4.6,0.0,15.0
15,3.0251533668867396,0,21.0,4.7,0.0,8.0
33,14.021819246588827,3,24.0,4.2,1.0,19.0
19,3.0251533668867396,0,25.0,4.6,1.0,8.0
41,10.445219519730212,0,35.0,4.9,1.0,22.0
12,3.0644857806760535,0,21.0,4.6,0.0,8.0
26,9.314862687658115,3,22.0,4.9,0.0,20.0
29,8.928939271550702,1,30.0,4.6,1.0,18.0
28,6.037193175494637,1,27.0,4.6,0.0,16.0
20,1.5126165219141463,0,22.0,4.5,1.0,8.0
28,6.127835452844326,2,24.0,4.6,1.0,14.0
31,20.851557402660557,3,29.0,4.8,1.0,21.0
33,7.8626681674103684,3,23.0,4.0,1.0,20.0
24,7.6508628104371885,1,21.0,4.8,1.0,17.0
18,3.1055339788849823,0,25.0,4.1,1.0,11.0
25,3.104605953841284,2,39.0,4.7,1.0,11.0
11,9.074836683459717,1,20.0,4.7,0.0,17.0
33,7.79094413843958,1,35.0,4.4,1.0,17.0
40,16.660097204546265,3,23.0,4.2,1.0,19.0
16,9.193520993944182,0,26.0,4.5,1.0,23.0
40,16.65990378949706,3,34.0,4.0,1.0,20.0
19,2.9790002034338934,0,32.0,4.8,1.0,10.0
30,12.419572625827143,1,36.0,4.6,1.0,17.0
22,12.580267822400963,0,20.0,4.7,1.0,22.0
25,6.119866712015615,2,32.0,4.9,1.0,12.0
30,6.217851597564986,2,24.0,5.0,1.0,12.0
23,7.448412467877649,1,26.0,4.6,1.0,17.0
24,3.1161470193369545,2,27.0,4.8,1.0,11.0
16,19.658727827948923,1,21.0,4.6,0.0,18.0
52,12.421407858787804,3,36.0,4.0,1.0,20.0
27,13.68204452608078,1,21.0,4.8,1.0,18.0
29,13.970652591255588,3,33.0,4.7,1.0,20.0
22,4.717601092054723,0,30.0,4.2,1.0,23.0
31,6.2179328802641525,1,32.0,5.0,1.0,15.0
25,7.762480218802449,0,37.0,4.6,0.0,22.0
23,9.22086597503784,0,29.0,4.6,0.0,22.0
37,1.5545086492841058,2,36.0,4.7,2.0,11.0
28,9.348072739621905,3,30.0,4.8,1.0,21.0
13,6.232403352170867,1,25.0,4.9,0.0,15.0
24,12.580267822400963,0,32.0,4.9,0.0,22.0
18,16.827953238536708,0,25.0,4.7,1.0,22.0
34,7.546361142984559,3,26.0,4.2,1.0,22.0
15,16.635451215537916,0,24.0,4.6,1.0,23.0
39,14.15280068944862,3,36.0,4.7,1.0,19.0
35,10.64157247728437,0,30.0,4.8,0.0,23.0
24,10.415616866907177,1,25.0,4.8,0.0,19.0
23,10.86728673513013,3,21.0,4.8,1.0,21.0
40,20.5545733218898,3,31.0,4.7,1.0,21.0
32,3.073660615290314,2,37.0,4.2,0.0,11.0
54,17.099225478912437,3,31.0,4.9,1.0,20.0
44,20.17984922053873,3,36.0,4.3,1.0,20.0
26,1.4652016012563978,0,20.0,4.4,0.0,11.0
25,6.217735074214348,2,24.0,4.6,1.0,13.0
25,7.660898979387872,3,36.0,4.7,1.0,21.0
18,7.573462889023675,0,33.0,4.8,0.0,22.0
23,1.572533729286321,0,39.0,4.6,1.0,10.0
22,4.663411524934487,1,36.0,4.6,1.0,17.0
28,13.7888461168452,3,37.0,4.9,0.0,21.0
21,11.916582838288104,0,20.0,4.8,1.0,23.0
10,4.469310320115436,3,28.0,4.7,0.0,20.0
11,2.930306705566914,2,28.0,4.7,0.0,11.0
18,19.362740471251666,0,38.0,4.7,0.0,22.0
35,12.074114327172765,1,26.0,4.0,1.0,17.0
22,17.09752492719776,3,28.0,4.6,1.0,20.0
32,9.075423573606574,3,37.0,4.3,1.0,21.0
20,19.394555235256966,1,28.0,4.9,1.0,18.0
38,16.41201262107611,3,27.0,4.2,0.0,20.0
17,16.385802266862793,0,30.0,4.6,0.0,23.0
25,7.562478890452318,0,37.0,4.6,0.0,23.0
21,4.528162065607132,3,21.0,4.6,1.0,19.0
16,1.554514382186963,0,26.0,4.8,1.0,9.0
19,13.583440059634135,3,24.0,4.5,1.0,19.0
10,4.610133887452835,0,21.0,4.7,0.0,23.0
16,4.717601092054723,1,33.0,4.9,0.0,17.0
36,19.37374583495492,1,36.0,4.8,1.0,18.0
25,4.39522525342693,3,30.0,4.6,1.0,19.0
19,4.5611524272563715,0,25.0,4.5,0.0,23.0
23,4.596698554557205,3,28.0,4.7,1.0,21.0
17,6.080891507842322,1,32.0,4.6,0.0,15.0
11,17.078665498349437,0,23.0,5.0,1.0,23.0
44,3.0737721530635387,2,20.0,4.2,1.0,11.0
19,7.790401360105752,0,34.0,4.7,0.0,0.0
22,4.537418110277337,0,35.0,4.3,1.0,23.0
15,12.419803337139525,0,37.0,4.9,1.0,23.0
28,7.343184872968867,0,38.0,4.8,1.0,23.0
29,10.72504264384306,1,26.0,4.7,1.0,18.0
24,12.35197924950032,3,29.0,5.0,1.0,21.0
20,1.5523012503298028,0,22.0,4.8,1.0,8.0
31,1.5580766213086716,2,35.0,4.2,1.0,11.0
30,9.220397882984718,1,39.0,4.5,1.0,18.0
29,6.081595038517862,1,35.0,4.5,1.0,15.0
10,16.412644001439748,0,22.0,4.7,1.0,23.0
22,6.037614687084906,2,26.0,4.9,1.0,12.0
38,12.580267822400963,0,31.0,4.2,2.0,22.0
43,12.237379473670961,3,31.0,3.9,1.0,19.0
26,10.565179206181444,3,22.0,4.6,1.0,21.0
25,9.348433430020535,3,28.0,4.7,0.0,21.0
49,13.973207156405252,3,38.0,5.0,3.0,19.0
30,10.906257371570659,0,37.0,4.7,0.0,22.0
29,1.5581193629487389,0,34.0,4.5,1.0,10.0
24,9.08801379933047,1,20.0,4.7,0.0,18.0
33,1.529751878579505,2,38.0,5.0,1.0,11.0
28,10.586541004121504,1,39.0,4.5,1.0,17.0
39,16.64865888817196,3,28.0,4.7,0.0,21.0
26,17.29786575291325,3,35.0,4.8,1.0,21.0
27,6.2178836475581045,1,31.0,4.9,1.0,16.0
38,19.760080920474554,3,35.0,4.5,2.0,21.0
20,9.435201537430714,3,37.0,4.5,1.0,20.0
23,4.674181485440602,0,25.0,4.8,1.0,0.0
36,1.509439424217718,2,36.0,4.9,1.0,11.0
27,7.802839040445126,0,36.0,4.7,1.0,22.0
33,4.528236597449021,3,31.0,4.8,1.0,19.0
29,3.0274796596976112,0,36.0,4.2,0.0,10.0
16,12.291841945089606,1,29.0,4.5,1.0,18.0
38,10.756955716295083,3,37.0,4.3,1.0,19.0
38,10.426910834184746,1,34.0,4.2,1.0,17.0
34,4.658001279265391,1,30.0,4.0,1.0,17.0
21,3.108983787513406,0,34.0,4.4,0.0,9.0
33,6.146746629962817,1,35.0,4.6,1.0,15.0
30,1.529162766029632,2,33.0,5.0,1.0,11.0
10,3.040649953439472,0,23.0,4.9,0.0,9.0
12,2.9794969556315394,0,23.0,4.6,1.0,10.0
33,19.688324335752394,3,30.0,3.5,1.0,20.0
15,6.051108888205776,1,21.0,4.9,0.0,16.0
19,13.392839212002638,3,24.0,4.8,1.0,19.0
28,3.145067434621583,0,36.0,4.7,1.0,9.0
16,12.419794286435744,1,28.0,4.6,0.0,18.0
16,6.146925931738805,1,39.0,4.6,1.0,15.0
18,3.0643356747968533,0,22.0,4.5,1.0,9.0
13,4.4691549592640305,0,22.0,4.8,0.0,23.0
21,4.54032123637902,3,33.0,4.7,1.0,19.0
44,10.565128845647761,3,32.0,4.9,2.0,20.0
16,9.348552276072713,0,27.0,4.8,0.0,22.0
22,4.656990844808267,3,33.0,4.8,1.0,20.0
24,6.040512901945428,2,26.0,4.7,1.0,13.0
28,2.979598701342032,0,25.0,4.2,0.0,10.0
28,8.938093974530164,1,35.0,4.9,1.0,18.0
21,9.059810564279417,0,32.0,4.7,1.0,23.0
28,16.849904095492622,3,28.0,5.0,0.0,21.0
23,1.5202946823347985,0,30.0,4.7,1.0,11.0
41,11.720114258240192,3,36.0,4.6,2.0,20.0
39,16.634870118211836,1,39.0,4.2,0.0,18.0
15,1.560558466678474,0,21.0,4.6,1.0,10.0
21,3.0405372416448646,0,39.0,4.6,0.0,8.0
19,10.641042055468692,1,26.0,5.0,1.0,18.0
10,13.973182653917394,0,26.0,4.5,0.0,23.0
26,7.448627554424398,3,20.0,4.6,0.0,21.0
10,1.5580739318105787,2,24.0,4.7,1.0,11.0
47,19.362561679297382,3,36.0,5.0,2.0,20.0
30,8.789760927394884,3,36.0,4.7,0.0,20.0
21,13.428872375814212,1,23.0,4.5,0.0,17.0
38,7.601304456856061,3,34.0,4.9,2.0,19.0
21,9.192119121311745,0,33.0,4.8,0.0,22.0
31,12.074377562049364,3,34.0,4.2,1.0,20.0
44,10.602417764362079,0,33.0,4.8,1.0,23.0
12,8.953006164966736,1,20.0,4.8,0.0,17.0
28,16.822155609317257,1,25.0,4.8,1.0,18.0
19,1.536842088254878,0,27.0,4.9,1.0,10.0
27,7.546876906900249,3,27.0,4.9,1.0,19.0
42,17.09799694004444,3,39.0,4.3,2.0,20.0
31,6.29013467763468,1,38.0,4.0,1.0,16.0
16,7.772038818805718,3,37.0,4.9,0.0,21.0
34,12.100062421152574,1,27.0,4.2,1.0,18.0
42,16.47648926069649,3,20.0,4.6,2.0,20.0
43,20.507468052337437,1,37.0,4.8,1.0,18.0
34,19.65962528368427,1,20.0,4.7,2.0,17.0
29,9.079930407559079,3,31.0,5.0,0.0,20.0
26,17.29786575291325,0,36.0,4.7,0.0,23.0
30,6.232152800668749,2,37.0,4.7,1.0,14.0
24,7.8626681674103684,0,34.0,5.0,1.0,22.0
34,6.040063337762298,1,34.0,4.4,0.0,16.0
25,6.146925931738805,2,37.0,4.5,0.0,13.0
16,13.582337494192409,3,25.0,4.6,0.0,20.0
15,3.058551495341316,0,30.0,4.9,0.0,8.0
40,4.537922749289298,3,24.0,3.8,2.0,20.0
13,17.076596635444833,0,24.0,4.6,0.0,23.0
25,17.077949437324616,1,30.0,4.8,0.0,17.0
27,1.4651400191363693,0,35.0,4.5,1.0,9.0
19,3.0407893988053885,0,35.0,4.9,1.0,10.0
24,7.684129284114673,1,25.0,4.9,0.0,18.0
27,16.368574783911853,1,20.0,4.8,0.0,17.0
22,7.546361142984559,1,25.0,4.8,1.0,18.0
20,9.088084092164259,1,21.0,4.6,1.0,17.0
22,1.4899271643865588,0,33.0,4.8,0.0,9.0
18,7.562491288861812,0,35.0,4.9,0.0,23.0
16,4.596877706640377,0,39.0,4.6,0.0,22.0
14,4.596877706640377,3,23.0,4.5,0.0,21.0
25,7.772241951547947,0,36.0,4.7,1.0,23.0
17,16.852688970823085,3,22.0,4.8,1.0,22.0
44,10.868130915669624,3,28.0,4.6,1.0,21.0
37,10.587113705075845,1,37.0,4.6,1.0,18.0
19,6.036244196933988,1,31.0,4.6,0.0,15.0
24,4.717601092054723,1,24.0,5.0,1.0,18.0
47,14.022253362357834,3,34.0,4.7,0.0,21.0
37,19.976712110350487,1,36.0,4.1,1.0,17.0
29,1.5204319193295497,0,35.0,4.9,0.0,9.0
46,19.661310204458474,3,31.0,4.3,0.0,19.0
28,13.830756172608513,0,23.0,4.9,1.0,23.0
26,13.773737657079298,0,39.0,4.6,1.0,22.0
22,12.35228618251577,0,38.0,4.6,1.0,23.0
26,6.128757701629757,2,24.0,4.5,1.0,13.0
27,3.0295246341921644,2,37.0,5.0,1.0,11.0
18,16.982276917763187,3,35.0,4.5,0.0,20.0
17,14.15280068944862,3,32.0,4.7,1.0,21.0
17,10.756165907453589,3,21.0,4.9,1.0,19.0
13,6.218305855614172,1,27.0,4.7,1.0,15.0
37,12.580267822400963,3,20.0,5.0,1.0,19.0
13,6.050084991996258,1,29.0,4.7,0.0,16.0
10,3.104605953841284,0,21.0,4.8,0.0,9.0
29,3.0253210909321173,0,35.0,4.7,1.0,11.0
34,13.969535082204027,1,30.0,5.0,2.0,18.0
43,12.256076445468295,3,21.0,4.2,1.0,19.0
38,7.790109178658858,3,35.0,5.0,1.0,19.0
32,16.852572769450653,0,30.0,3.5,1.0,22.0
18,3.145067434621583,0,32.0,4.7,1.0,10.0
20,12.209907712718547,0,21.0,5.0,1.0,23.0
20,16.851875921653388,1,24.0,4.6,1.0,17.0
18,8.987909568291434,3,25.0,4.7,1.0,20.0
19,19.882650147415998,1,21.0,4.9,0.0,18.0
19,3.064508186852737,0,33.0,4.9,1.0,9.0
28,4.537940846050908,3,30.0,4.8,0.0,20.0
29,12.35197924950032,0,33.0,4.6,1.0,22.0
14,13.407033668284814,0,24.0,4.9,0.0,23.0
46,6.049788909378549,2,24.0,3.7,1.0,14.0
24,13.407033668284814,1,21.0,5.0,1.0,18.0
27,3.1161470193369545,2,33.0,4.9,1.0,11.0
32,6.1187118466897275,2,35.0,5.0,0.0,14.0
24,7.5620699721624804,1,26.0,5.0,0.0,18.0
11,4.65819360783491,0,22.0,4.9,0.0,23.0
17,4.588898780683796,3,37.0,4.5,1.0,19.0
13,16.9032932130662,0,26.0,4.9,0.0,23.0
27,1.5321890925569548,0,31.0,4.1,0.0,8.0
23,16.153774202105296,0,21.0,4.6,1.0,23.0
23,20.25378851608599,0,34.0,4.9,1.0,23.0
24,10.756990051436132,0,24.0,4.6,1.0,22.0
11,1.5203728379727393,2,24.0,4.5,0.0,11.0
13,6.2323920207909005,1,24.0,4.6,0.0,15.0
25,13.768325585874765,1,22.0,4.9,1.0,18.0
21,9.121425981981247,0,29.0,4.0,1.0,22.0
23,3.0203297176230155,2,36.0,4.7,0.0,11.0
26,13.990151177257511,1,34.0,4.5,1.0,17.0
20,3.1050761845074675,0,24.0,4.4,1.0,10.0
48,13.830084721845328,3,30.0,5.0,3.0,19.0
19,7.762092914972186,0,39.0,4.9,0.0,22.0
10,13.407238587856966,3,26.0,4.6,1.0,20.0
23,17.29786575291325,0,33.0,4.9,1.0,23.0
32,19.976746466954737,1,38.0,3.7,1.0,17.0
44,10.60258238247256,3,27.0,5.0,1.0,19.0
17,7.660951720810249,3,21.0,4.9,0.0,20.0
23,12.237167878708663,0,21.0,4.6,1.0,23.0
37,1.4898452333109367,2,30.0,4.1,1.0,11.0
19,7.5456323538790695,3,24.0,4.5,1.0,20.0
29,6.049919555217586,1,29.0,4.8,1.0,15.0
17,7.46116003515005,1,28.0,5.0,1.0,17.0
18,1.554508559519504,0,24.0,4.8,0.0,8.0
40,6.20953271391644,2,27.0,4.4,1.0,13.0
29,16.15438392455014,1,22.0,5.0,1.0,18.0
27,9.088005113715143,3,29.0,5.0,1.0,19.0
20,10.586817607222981,1,38.0,4.6,0.0,18.0
17,20.857115324129595,3,24.0,4.7,1.0,19.0
22,6.232179267966144,2,27.0,4.7,0.0,13.0
27,4.67414369897644,1,28.0,4.9,1.0,18.0
40,19.97462742500737,3,26.0,5.0,2.0,20.0
19,19.915731481294102,0,31.0,4.8,1.0,23.0
26,1.5369139896079702,2,30.0,4.7,1.0,11.0
35,19.614735355629914,1,34.0,4.7,0.0,17.0
31,7.601027931404884,3,26.0,5.0,0.0,19.0
30,4.656990844808267,1,33.0,4.9,1.0,18.0
28,13.830282747997192,0,37.0,4.7,1.0,22.0
29,7.8626681674103684,1,29.0,4.9,0.0,17.0
22,6.232180611484166,2,27.0,4.8,0.0,14.0
43,13.788852089943369,0,38.0,4.8,1.0,23.0
27,1.554514382186963,0,22.0,4.3,0.0,9.0
31,12.43518327861207,1,23.0,4.1,0.0,18.0
15,5.958586130823786,1,35.0,4.7,1.0,15.0
47,4.537843333696388,3,30.0,4.3,1.0,21.0
38,5.959032639454782,2,35.0,4.3,0.0,12.0
12,6.29013467763468,2,20.0,4.8,1.0,14.0
35,16.720605641529577,0,30.0,4.4,1.0,22.0
21,19.760080920474554,1,29.0,4.6,1.0,18.0
27,10.427235657896496,1,21.0,4.8,1.0,18.0
34,7.772618958964863,3,25.0,4.0,0.0,21.0
34,3.087779183156497,2,21.0,4.3,1.0,11.0
35,1.5322015943257514,2,34.0,4.1,0.0,11.0
27,2.9796333006391293,0,35.0,4.8,0.0,9.0
31,20.182685858169084,1,39.0,4.3,1.0,17.0
18,20.181161774852512,0,23.0,5.0,1.0,23.0
29,4.540781597558912,0,38.0,4.0,0.0,22.0
32,3.025656084205931,2,37.0,4.8,1.0,11.0
19,16.720582121841456,0,25.0,4.9,0.0,23.0
15,9.31399060766806,3,27.0,4.8,0.0,19.0
16,3.01882678715419,0,37.0,4.8,0.0,9.0
18,8.937919334801594,0,20.0,4.6,0.0,22.0
22,4.610120317988261,3,27.0,4.6,1.0,20.0
11,3.116148933802629,0,34.0,4.9,0.0,9.0
38,12.074224380435524,1,23.0,5.0,1.0,18.0
27,12.418029175076608,1,27.0,4.5,0.0,18.0
21,19.688308620509062,0,29.0,4.8,0.0,23.0
24,13.973206773137713,0,27.0,5.0,1.0,22.0
21,7.573225613488764,1,29.0,4.7,1.0,17.0
15,19.395262229986017,3,23.0,4.7,1.0,19.0
29,17.09838855662463,3,31.0,4.6,0.0,20.0
36,11.917101549462794,3,24.0,4.9,0.0,20.0
23,12.463962426993913,0,25.0,4.9,0.0,23.0
35,7.790237052802913,3,30.0,4.9,1.0,20.0
23,13.970572124439776,0,23.0,4.9,0.0,23.0
29,2.980289542200211,0,33.0,5.0,1.0,8.0
32,10.866277692518308,3,37.0,3.7,1.0,20.0
28,13.217301980434613,0,26.0,5.0,1.0,23.0
10,4.657999585570663,0,22.0,4.7,0.0,22.0
37,10.602504075104976,3,37.0,4.7,0.0,19.0
29,3.1162385581768866,0,26.0,4.2,1.0,9.0
19,7.8626681674103684,0,21.0,4.7,1.0,22.0
38,17.138041435510257,1,27.0,4.5,2.0,17.0
19,9.177683834695673,3,26.0,4.7,1.0,20.0
44,16.852118690780628,3,25.0,5.0,1.0,21.0
25,4.717601092054723,1,37.0,4.8,0.0,17.0
25,16.903814838158784,0,36.0,4.6,1.0,23.0
45,16.59866734050554,3,37.0,4.7,2.0,21.0
43,12.256927745913815,0,21.0,2.6,1.0,23.0
21,12.463943835956604,1,30.0,4.7,1.0,18.0
20,1.5094466586405106,2,23.0,4.6,1.0,11.0
33,6.119866712015615,2,31.0,4.4,0.0,14.0
29,3.1090734109469933,0,38.0,4.9,1.0,10.0
28,1.513073455729525,0,39.0,4.1,1.0,8.0
39,10.868244074540835,3,34.0,3.5,2.0,20.0
48,12.35024713647317,3,32.0,4.4,0.0,21.0
15,3.145067434621583,0,24.0,4.1,0.0,8.0
14,9.121350389794664,0,28.0,4.9,1.0,23.0
26,7.683253857182166,3,22.0,4.8,0.0,22.0
21,20.178100872931342,3,29.0,4.8,0.0,19.0
33,3.1161423837882567,2,32.0,4.7,1.0,11.0
25,4.528570754218756,0,39.0,4.2,1.0,23.0
22,9.348431884826278,0,24.0,4.3,1.0,23.0
23,1.5202946823347985,2,28.0,4.5,1.0,11.0
35,14.15280068944862,3,28.0,4.9,2.0,19.0
18,9.181146899051038,1,36.0,4.9,1.0,17.0
29,10.602450942886513,1,22.0,4.9,1.0,18.0
35,7.325558747690406,3,38.0,4.3,1.0,20.0
20,7.546267706957737,0,38.0,4.7,0.0,23.0
20,4.46931202175492,3,34.0,4.7,1.0,20.0
29,16.38385607184808,0,23.0,5.0,1.0,23.0
19,10.641103649666686,0,21.0,4.8,0.0,22.0
11,7.452607659561829,3,21.0,4.8,0.0,20.0
27,13.98951205355768,1,20.0,4.6,1.0,18.0
31,19.617573744443128,3,35.0,3.7,1.0,21.0
25,6.29013467763468,2,22.0,4.5,1.0,12.0
32,6.232403352170867,1,35.0,4.2,1.0,16.0
24,8.92908688893574,0,35.0,4.6,1.0,23.0
23,3.1046608747206426,0,37.0,4.9,1.0,8.0
33,20.183529728733618,3,35.0,3.8,1.0,19.0
37,1.4981517843346028,2,34.0,5.0,2.0,11.0
20,16.385730104308024,3,29.0,4.9,0.0,19.0
19,16.36844353863693,0,25.0,4.9,0.0,22.0
31,9.435201537430714,1,33.0,4.3,1.0,17.0
19,1.5367187556842812,0,20.0,4.9,1.0,10.0
22,3.0253773215438065,0,34.0,4.7,1.0,8.0
11,7.684168603439756,0,29.0,4.5,1.0,23.0
29,7.660348489150972,3,21.0,4.8,1.0,20.0
34,6.29013467763468,2,36.0,4.1,1.0,13.0
42,12.162009006258288,3,21.0,4.0,2.0,20.0
27,10.587732954177069,1,28.0,4.7,1.0,18.0
15,9.435201537430714,3,22.0,4.8,1.0,20.0
38,10.417031582411916,1,37.0,3.9,1.0,19.0
33,1.5091393275325462,2,21.0,4.4,1.0,11.0
27,1.5323596444882273,2,38.0,5.0,1.0,11.0
36,19.08960903186475,3,28.0,4.9,1.0,20.0
28,4.6104717430464985,3,39.0,4.8,0.0,21.0
20,3.145067434621583,2,32.0,4.8,0.0,11.0
15,1.4898452333109367,0,21.0,4.8,0.0,10.0
37,13.61117180523985,0,35.0,4.2,0.0,23.0
24,13.970556078644911,3,29.0,4.6,1.0,21.0
27,4.657654937060173,1,34.0,4.7,1.0,17.0
21,8.790360138254623,0,21.0,4.1,1.0,0.0
30,17.137482577838597,1,22.0,4.6,1.0,17.0
28,4.4057079687934975,3,38.0,4.7,0.0,21.0
29,10.86728673513013,1,26.0,4.8,1.0,18.0
33,7.54640142147466,3,35.0,4.3,1.0,19.0
41,20.831167014164606,0,29.0,3.5,0.0,23.0
18,1.509460397835505,0,21.0,4.7,1.0,10.0
43,12.417907729746302,0,37.0,4.1,0.0,22.0
15,3.088012393206182,0,30.0,4.9,1.0,9.0
27,10.724189700859583,1,39.0,4.9,1.0,17.0
30,12.233735310134827,3,25.0,4.9,1.0,20.0
12,3.0589506421330555,0,28.0,4.9,0.0,9.0
21,10.867434750937747,0,21.0,4.5,1.0,22.0
34,6.058825169286296,2,25.0,4.4,1.0,14.0
28,20.178893713604634,0,25.0,4.5,0.0,23.0
39,17.138022132927368,3,33.0,3.6,1.0,19.0
22,7.562108717550266,3,26.0,4.6,1.0,21.0
17,7.646982582847267,1,23.0,4.9,0.0,17.0
20,10.865584127340643,0,29.0,4.8,1.0,23.0
16,9.121049806498666,1,30.0,4.9,0.0,17.0
15,7.325299567377126,0,25.0,4.7,0.0,22.0
23,11.91667929885388,1,33.0,4.8,1.0,18.0
43,12.580267822400963,3,38.0,5.0,1.0,20.0
25,4.656902198106395,1,30.0,4.6,1.0,17.0
19,7.724074530277346,3,28.0,4.8,1.0,20.0
31,12.464226008964719,3,20.0,4.2,1.0,21.0
20,3.025332706173566,2,21.0,4.8,1.0,11.0
29,7.631487330979372,0,31.0,4.6,1.0,22.0
36,7.562491288861812,3,37.0,4.9,0.0,19.0
29,9.055848504226429,3,20.0,5.0,1.0,20.0
32,10.756895455613911,1,39.0,4.0,2.0,17.0
38,10.569496921731531,1,39.0,4.1,0.0,18.0
15,7.6510644585303815,3,21.0,4.6,1.0,19.0
40,9.220418694558179,3,31.0,4.4,1.0,20.0
27,10.867300462045835,3,20.0,4.5,1.0,20.0
22,3.121188665876165,0,37.0,4.7,1.0,10.0
25,1.5125746930783428,0,20.0,4.4,0.0,9.0
36,13.428477357470895,3,26.0,4.1,1.0,19.0
12,3.105091096509636,0,25.0,4.7,1.0,10.0
30,1.5367515001848098,2,22.0,4.9,1.0,11.0
38,12.116950608888414,1,22.0,4.4,2.0,17.0
18,19.661098170299198,0,25.0,4.7,0.0,22.0
40,7.651068542725116,3,35.0,4.7,2.0,19.0
48,12.580267822400963,3,31.0,4.8,3.0,20.0
36,17.13921974225849,3,26.0,4.4,1.0,21.0
28,4.663344843093785,3,36.0,5.0,1.0,20.0
22,3.116148933802629,0,25.0,4.8,1.0,9.0
16,20.20642094372373,3,38.0,4.8,1.0,19.0
21,6.081440797008078,1,27.0,4.9,0.0,15.0
20,4.657671710224878,3,21.0,4.9,0.0,19.0
27,16.902909983695867,1,37.0,4.6,0.0,17.0
20,12.257619701209578,3,27.0,4.6,1.0,20.0
10,4.65825552423237,1,24.0,5.0,0.0,17.0
24,11.983910535138023,0,20.0,4.7,0.0,22.0
23,7.448560816474598,3,29.0,4.7,1.0,21.0
22,2.996242544880338,2,29.0,4.5,0.0,11.0
23,16.384574278446483,0,38.0,5.0,0.0,0.0
24,1.5367917694809952,0,29.0,4.8,0.0,9.0
28,8.952822746669987,1,23.0,4.7,1.0,17.0
12,7.8626681674103684,0,26.0,4.5,1.0,23.0
22,4.5607380187107855,0,29.0,4.9,0.0,22.0
19,4.656811824870756,3,26.0,5.0,0.0,21.0
42,11.007734763744617,3,28.0,5.0,1.0,21.0
18,9.12210553959038,1,31.0,4.8,1.0,18.0
36,10.906412696832646,3,25.0,4.8,0.0,19.0
28,3.1051449132268645,0,30.0,4.2,0.0,10.0
25,19.362541804304527,3,26.0,4.7,1.0,19.0
22,7.601876617115989,3,37.0,5.0,1.0,19.0
14,10.868667520702992,0,26.0,4.7,1.0,23.0
20,7.5628176900723,0,27.0,4.1,1.0,22.0
13,3.104605953841284,0,21.0,4.6,1.0,11.0
11,3.024984591596264,0,22.0,4.7,0.0,9.0
18,12.23475004893086,0,22.0,4.7,1.0,22.0
17,13.893571826472357,1,23.0,4.9,1.0,18.0
34,16.636875038860897,0,29.0,3.1,1.0,23.0
29,19.395262229986017,3,38.0,4.8,0.0,19.0
27,7.8626681674103684,3,21.0,4.6,1.0,19.0
37,16.113665369962842,3,21.0,5.0,2.0,20.0
24,17.29786575291325,0,32.0,4.7,0.0,23.0
34,12.073402311815224,3,35.0,3.9,1.0,19.0
12,7.790109178658858,1,27.0,4.8,0.0,18.0
21,3.105091096509636,0,29.0,4.5,0.0,11.0
28,1.5580865162468949,0,35.0,4.8,1.0,9.0
10,6.050084991996258,1,28.0,4.6,0.0,16.0
40,10.587929946825927,3,38.0,4.8,2.0,21.0
10,6.23280716086554,2,24.0,4.6,0.0,12.0
19,20.857115324129595,0,28.0,4.8,1.0,22.0
35,10.705622903496973,0,21.0,2.8,2.0,22.0
37,7.573406195224182,3,35.0,4.4,0.0,20.0
18,19.659851482292062,1,31.0,5.0,1.0,19.0
24,3.145067434621583,0,28.0,5.0,1.0,8.0
17,7.8626681674103684,3,36.0,4.7,1.0,21.0
34,6.146764727341459,2,36.0,4.7,1.0,13.0
27,6.058853851669116,1,30.0,4.6,0.0,16.0
19,3.105268883133742,0,39.0,4.9,1.0,9.0
27,1.5136030333559074,2,32.0,4.6,1.0,11.0
17,10.707006464770936,0,21.0,4.8,1.0,22.0
29,2.979626144829987,0,37.0,4.8,1.0,11.0
18,4.717601092054723,1,20.0,4.6,0.0,18.0
16,1.5322531674035038,0,20.0,4.6,0.0,8.0
27,3.1089836948124367,2,33.0,5.0,0.0,11.0
46,19.618968653878262,1,31.0,5.0,3.0,18.0
52,13.407092693002484,3,30.0,4.6,2.0,20.0
26,8.938176353487746,0,26.0,4.4,0.0,22.0
18,12.162009006258288,3,39.0,4.9,1.0,20.0
27,6.117725989708161,1,30.0,4.8,1.0,16.0
15,9.314419797615273,0,29.0,4.8,1.0,23.0
18,3.145067434621583,0,27.0,4.6,1.0,9.0
43,5.959357904254251,2,29.0,4.5,2.0,13.0
34,3.0408160982095778,2,32.0,4.8,1.0,11.0
18,3.1055339788849823,0,37.0,4.7,0.0,9.0
27,13.584306064167167,1,20.0,4.9,1.0,17.0
44,13.989512471854459,3,34.0,4.9,2.0,19.0
27,20.44292976252901,1,20.0,4.7,1.0,18.0
14,20.206315811338555,3,21.0,4.8,1.0,21.0
22,6.210061176100266,1,29.0,4.8,1.0,15.0
31,12.293569688294703,1,35.0,4.0,1.0,17.0
10,4.596439723177665,0,32.0,4.8,0.0,22.0
25,13.611566722125085,3,33.0,4.5,1.0,21.0
21,10.867434750937747,0,22.0,4.9,0.0,22.0
28,1.572533729286321,2,31.0,4.7,1.0,11.0
22,8.988056200069966,3,30.0,5.0,0.0,21.0
19,7.648280480148492,1,35.0,4.8,1.0,17.0
22,13.989473698864705,0,27.0,4.6,1.0,23.0
33,6.08119089136717,2,39.0,5.0,1.0,13.0
35,7.5735237341835395,3,28.0,5.0,0.0,19.0
25,7.549967178616325,3,33.0,4.6,1.0,20.0
27,4.610285665960067,1,21.0,4.9,0.0,17.0
41,11.916705005077658,3,29.0,4.8,1.0,20.0
44,13.428658000512868,1,30.0,4.9,1.0,17.0
20,13.61082462242586,0,21.0,4.6,1.0,22.0
43,13.405971717381743,3,31.0,4.5,1.0,21.0
38,6.146764727341459,2,32.0,4.6,2.0,13.0
21,9.326113870789774,1,36.0,5.0,1.0,18.0
22,10.586595268060286,0,21.0,4.8,1.0,22.0
25,19.619196710684648,0,23.0,4.6,1.0,23.0
38,13.428453377805399,3,31.0,4.3,1.0,19.0
17,20.856833724898493,0,26.0,4.7,1.0,0.0
16,1.5263981914915923,0,27.0,5.0,0.0,9.0
44,10.867232952679457,3,25.0,4.6,1.0,21.0
36,20.206315811338555,1,32.0,4.2,0.0,18.0
33,7.601304456856061,3,38.0,4.4,1.0,19.0
22,7.79036212453358,3,20.0,4.8,1.0,22.0
16,1.5094642591450969,0,22.0,4.5,1.0,9.0
19,4.56126563284071,1,36.0,4.7,1.0,17.0
36,14.15280068944862,3,31.0,4.6,0.0,21.0
36,13.48132579310492,3,32.0,4.8,1.0,19.0
32,6.209021101535612,1,35.0,4.0,1.0,16.0
44,17.13802247711509,3,21.0,4.9,3.0,19.0
32,7.5628176900723,3,30.0,5.0,0.0,20.0
19,7.8626681674103684,1,29.0,5.0,1.0,18.0
25,9.056024276265346,3,37.0,4.7,1.0,19.0
19,19.663125922534896,1,23.0,4.6,1.0,17.0
15,1.5125746930783428,0,24.0,4.9,1.0,8.0
26,19.97564217448985,3,33.0,4.7,1.0,20.0
27,16.824331819052116,0,39.0,5.0,1.0,23.0
33,11.916235157217862,0,21.0,3.1,2.0,23.0
37,12.073551890748645,3,30.0,3.9,1.0,21.0
42,14.022096082518878,1,39.0,4.0,1.0,17.0
45,13.990192142064847,1,35.0,4.3,0.0,18.0
15,9.31399060766806,0,33.0,4.7,0.0,23.0
39,12.419649807727563,1,24.0,4.9,1.0,18.0
25,13.612154686696366,0,26.0,4.7,0.0,23.0
19,7.763607607839511,0,31.0,4.6,1.0,22.0
33,4.657591594952301,3,30.0,4.4,1.0,21.0
15,9.219783818326418,0,28.0,5.0,0.0,23.0
16,3.040554821797033,2,25.0,4.6,0.0,11.0
28,1.4899271643865588,2,22.0,5.0,1.0,11.0
25,10.428262034058305,0,34.0,4.8,1.0,23.0
26,3.073644027723396,0,32.0,4.5,1.0,10.0
26,1.5125686168842198,0,22.0,4.1,1.0,8.0
10,4.674184358398377,3,24.0,4.6,1.0,19.0
28,10.864870498856765,0,32.0,4.6,0.0,22.0
19,20.177913041348635,3,28.0,4.9,1.0,22.0
11,10.865084189986677,1,26.0,4.7,1.0,18.0
33,6.05366065847918,1,37.0,4.8,1.0,15.0
48,20.856833724898493,3,23.0,4.7,1.0,20.0
41,19.660943947619934,3,39.0,4.4,0.0,20.0
20,1.5368334425195926,0,39.0,4.5,0.0,8.0
22,19.76237198367898,0,21.0,4.8,1.0,23.0
40,10.64201906419996,1,34.0,5.0,1.0,17.0
32,5.969043562149228,1,35.0,4.7,1.0,16.0
15,9.219708856174128,0,26.0,4.5,1.0,22.0
20,14.0451924616179,0,35.0,4.9,1.0,22.0
10,4.657153007152837,3,29.0,4.7,0.0,21.0
22,7.325299567377126,1,22.0,4.7,1.0,18.0
34,13.409281444578205,1,36.0,3.6,1.0,17.0
22,9.314907489514155,3,34.0,4.8,0.0,20.0
25,7.601385733164932,3,37.0,5.0,0.0,19.0
24,10.72504264384306,0,27.0,4.9,0.0,23.0
33,9.055981117924203,3,26.0,4.7,0.0,21.0
19,13.830053479838845,3,32.0,4.5,1.0,20.0
31,6.29013467763468,2,30.0,4.0,1.0,14.0
26,3.145067434621583,2,33.0,4.9,1.0,11.0
17,3.0188764660307563,0,27.0,5.0,0.0,10.0
15,1.5526968797445755,0,24.0,4.5,0.0,8.0
18,4.658001279265391,0,27.0,4.8,1.0,23.0
29,6.117673772819904,2,30.0,5.0,0.0,13.0
37,13.989249784535353,3,35.0,4.8,1.0,19.0
37,11.007734763744617,3,26.0,4.7,2.0,19.0
16,9.348068923522018,0,37.0,5.0,0.0,22.0
15,3.145067434621583,0,29.0,4.4,1.0,8.0
41,19.04080424592517,3,34.0,4.3,1.0,19.0
46,19.688324335752394,3,30.0,4.3,0.0,19.0
18,17.078665498349437,0,21.0,4.7,1.0,22.0
23,6.054527674480537,2,20.0,4.5,1.0,13.0
20,6.049788909378549,1,33.0,4.6,1.0,16.0
26,4.674220356187267,1,29.0,4.6,1.0,17.0
25,7.6831914051315,1,25.0,4.6,1.0,18.0
52,3.1053645449072986,2,24.0,4.5,2.0,11.0
27,17.13749142638821,0,33.0,4.9,0.0,23.0
16,2.9303435598622682,0,30.0,4.9,0.0,10.0
29,3.0295246341921644,0,34.0,5.0,1.0,10.0
42,11.007734763744617,3,31.0,3.9,2.0,20.0
22,12.292848945038811,0,22.0,4.7,0.0,22.0
43,13.82927367256702,3,32.0,3.9,1.0,21.0
27,12.16145053143676,0,37.0,4.7,1.0,23.0
29,12.117036432265502,1,23.0,4.6,1.0,18.0
28,20.286495439713164,0,22.0,4.6,0.0,23.0
22,12.209836055800304,3,35.0,4.6,1.0,21.0
31,16.721288103917214,1,20.0,4.7,1.0,18.0
18,9.074684164326316,0,24.0,4.7,0.0,23.0
16,13.48135123231739,3,36.0,4.9,1.0,19.0
23,1.560671234748265,0,35.0,4.6,1.0,10.0
22,11.007734763744617,0,34.0,4.5,0.0,22.0
34,19.089398573506358,1,36.0,4.4,1.0,17.0
41,17.13751702263965,1,38.0,4.6,1.0,17.0
30,7.8626681674103684,3,36.0,4.6,0.0,21.0
47,17.097651549864548,3,25.0,5.0,0.0,21.0
29,4.537601588065108,3,22.0,4.5,1.0,21.0
23,13.583068670275285,1,33.0,4.5,1.0,17.0
15,1.4688163256853812,0,27.0,4.5,0.0,9.0
27,19.76218981785925,0,30.0,4.8,1.0,22.0
30,4.59595027478907,3,29.0,5.0,1.0,19.0
16,3.108925571154772,0,27.0,4.0,1.0,11.0
35,13.409462339213027,3,29.0,4.6,2.0,20.0
15,7.761779919073713,3,30.0,4.9,0.0,20.0
23,7.550012438488936,3,24.0,4.8,1.0,19.0
37,20.18093693173923,1,23.0,4.9,1.0,18.0
21,16.722548420715,0,20.0,4.9,0.0,22.0
22,16.85208641567295,1,21.0,4.8,1.0,18.0
44,16.63579806090435,3,37.0,4.8,1.0,20.0
28,14.022268860182423,0,39.0,5.0,0.0,22.0
21,1.5545440228107195,0,32.0,4.9,0.0,11.0
23,13.970652591255588,3,25.0,4.5,0.0,20.0
29,3.018841258628892,0,34.0,4.6,1.0,9.0
12,6.12908533497929,2,27.0,4.7,0.0,12.0
24,9.157718041987312,3,21.0,4.6,1.0,19.0
34,4.5877613789702085,3,34.0,4.6,1.0,19.0
19,16.476437954273965,1,33.0,4.8,1.0,17.0
20,16.384502397510182,0,29.0,5.0,0.0,22.0
24,9.0554769335006,1,34.0,4.9,1.0,17.0
20,1.5137650551016817,0,26.0,4.5,1.0,8.0
28,1.5292976945190186,0,20.0,4.5,1.0,8.0
32,3.104803710518419,2,39.0,4.6,1.0,11.0
25,13.406000552536867,1,24.0,4.6,1.0,17.0
24,10.445117790144197,0,39.0,4.8,1.0,22.0
15,12.117044368866695,1,20.0,4.9,1.0,17.0
18,11.983910535138023,0,27.0,4.5,0.0,23.0
49,7.567742897860595,3,37.0,4.4,1.0,20.0
18,4.717601092054723,0,36.0,4.9,1.0,22.0
33,20.17918820668875,3,27.0,4.7,1.0,19.0
26,19.975632175541914,3,20.0,5.0,1.0,20.0
23,6.242318682701243,2,21.0,4.7,1.0,14.0
30,4.657153007152837,1,33.0,4.5,1.0,18.0
19,19.974200402690443,3,28.0,4.6,0.0,19.0
41,17.137879924186517,3,30.0,4.2,1.0,21.0
15,11.007734763744617,1,35.0,4.7,1.0,17.0
46,16.60006663605748,1,37.0,4.9,2.0,18.0
12,12.580267822400963,3,24.0,4.7,0.0,19.0
26,1.5094383155993516,0,25.0,4.5,1.0,10.0
17,9.315725653468126,0,38.0,4.9,1.0,22.0
38,12.293508819559184,3,27.0,4.5,2.0,20.0
19,7.546888128063204,0,23.0,4.6,0.0,22.0
41,13.611337814321281,0,29.0,3.4,1.0,23.0
32,12.080196181742094,1,32.0,4.1,1.0,18.0
23,16.388478196037884,0,20.0,4.8,1.0,22.0
31,10.429850454296803,3,25.0,4.0,1.0,19.0
40,12.073402311815224,1,39.0,4.0,1.0,18.0
22,3.058924545938562,0,29.0,4.6,0.0,8.0
25,8.938177476637756,3,28.0,4.9,1.0,20.0
15,7.452607659561829,0,21.0,4.7,0.0,23.0
30,10.255391358669385,3,32.0,4.9,1.0,21.0
29,12.435401342193114,3,26.0,4.7,1.0,20.0
26,13.612154686696366,0,36.0,4.7,1.0,23.0
30,10.602504075104976,3,30.0,4.6,1.0,21.0
20,6.081139317039376,2,20.0,4.8,1.0,12.0
30,9.121049806498666,0,34.0,4.2,1.0,22.0
17,9.326360257118816,0,38.0,4.7,1.0,23.0
18,9.056109430302039,0,25.0,4.9,1.0,22.0
36,20.182728114832916,3,24.0,4.7,1.0,21.0
21,12.236723616598548,3,26.0,4.9,0.0,19.0
18,1.572533729286321,0,28.0,4.5,0.0,11.0
33,4.656649028065795,1,33.0,5.0,1.0,18.0
18,1.5302594894332384,0,28.0,4.7,1.0,10.0
27,4.596534542243907,0,35.0,4.5,0.0,23.0
31,7.762556904358444,3,39.0,4.8,0.0,19.0
49,13.582511011042971,3,38.0,4.9,3.0,20.0
20,12.079886418819733,3,23.0,4.5,1.0,19.0
10,10.416963824321584,1,21.0,4.8,0.0,18.0
19,1.4898285870179706,0,22.0,4.8,1.0,9.0
27,7.6838087174265155,3,38.0,4.7,1.0,21.0
30,12.162306145096023,3,27.0,4.6,1.0,20.0
12,19.88701283582688,3,23.0,4.6,0.0,19.0
11,4.5877613789702085,0,24.0,4.9,0.0,22.0
53,20.207797933358158,3,33.0,4.3,3.0,19.0
18,4.469557550709276,3,27.0,4.9,1.0,19.0
28,7.762596264580148,0,30.0,4.7,1.0,23.0
37,12.35228618251577,3,37.0,4.1,0.0,21.0
24,4.663600819587387,3,28.0,4.8,1.0,20.0
22,3.0295246341921644,0,30.0,4.9,1.0,8.0
29,7.646049300624547,0,29.0,4.2,1.0,22.0
33,13.611566722125085,0,37.0,3.9,2.0,23.0
43,20.181161774852512,3,34.0,4.5,1.0,20.0
37,16.90375725452544,3,32.0,4.2,2.0,21.0
28,1.5126165219141463,2,25.0,4.7,1.0,11.0
10,10.445203993933271,1,26.0,4.8,0.0,18.0
45,11.71980974006041,1,36.0,5.0,2.0,18.0
18,14.021812013196106,3,26.0,4.8,0.0,20.0
25,7.762092914972186,3,23.0,5.0,1.0,21.0
23,3.1162419915691593,2,36.0,4.6,1.0,12.0
34,13.970122998261997,1,30.0,4.3,2.0,18.0
25,9.313347514768024,1,30.0,4.7,0.0,18.0
27,6.081596950437154,2,27.0,4.9,1.0,13.0
25,2.97659809337445,0,31.0,4.3,1.0,9.0
26,3.040554821797033,0,33.0,4.9,1.0,8.0
18,3.1090734109469933,0,38.0,4.7,1.0,9.0
33,7.761160094160204,3,33.0,5.0,1.0,22.0
10,3.1090243972299714,0,33.0,4.8,0.0,9.0
25,13.968990746015168,0,22.0,4.7,0.0,22.0
29,12.255817809722814,0,34.0,4.6,1.0,23.0
16,3.05960707159485,0,24.0,4.8,0.0,8.0
26,3.1089751947120248,0,36.0,4.3,1.0,9.0
47,12.580267822400963,3,35.0,4.7,1.0,19.0
26,6.081091813811516,2,31.0,4.9,1.0,12.0
30,10.86742683448048,1,35.0,4.6,1.0,17.0
49,10.881197531246407,1,38.0,4.6,0.0,18.0
28,7.44855797957408,0,31.0,4.7,1.0,23.0
36,6.29013467763468,2,36.0,4.1,1.0,14.0
14,9.435201537430714,0,20.0,4.6,0.0,23.0
33,9.314908769971195,3,31.0,4.3,1.0,19.0
29,4.6105980334862275,0,39.0,5.0,1.0,22.0
37,10.86883819011362,3,24.0,4.2,2.0,19.0
25,6.146764727341459,1,27.0,4.5,1.0,16.0
21,1.4981250846097312,0,31.0,4.3,1.0,9.0
27,2.9797958851316784,0,32.0,4.6,0.0,8.0
18,4.537640130462668,0,30.0,4.5,1.0,22.0
44,20.18125982649362,3,24.0,4.9,0.0,20.0
15,6.0588489445304,1,30.0,4.7,1.0,16.0
37,19.915731481294102,3,36.0,4.8,1.0,19.0
26,7.761768725951355,3,33.0,4.6,1.0,20.0
39,16.72129600980331,1,30.0,4.3,1.0,17.0
26,3.1051449132268645,0,36.0,4.9,1.0,10.0
18,16.608214361065517,1,22.0,4.6,0.0,19.0
20,20.178893713604634,1,34.0,4.6,1.0,18.0
21,12.256687342592269,0,15.0,1.0,0.0,21.0
13,9.088084092164259,0,21.0,4.9,0.0,0.0
18,12.292848945038811,1,28.0,5.0,1.0,17.0
19,16.980990792659853,3,25.0,4.6,0.0,21.0
20,10.683845828892329,0,25.0,4.9,0.0,23.0
43,17.078665498349437,3,38.0,4.0,1.0,19.0
18,12.116886186590971,0,26.0,4.8,1.0,23.0
18,9.219783818326418,1,32.0,4.9,1.0,18.0
30,10.642185462082772,3,28.0,4.7,0.0,20.0
31,7.601874226722028,1,32.0,4.7,0.0,18.0
35,4.65694538594946,1,33.0,4.1,1.0,17.0
34,10.868263117988388,3,25.0,5.0,1.0,20.0
16,6.0588489445304,2,32.0,4.5,0.0,12.0
15,12.11655916281721,1,20.0,4.6,1.0,18.0
21,1.5524290130723983,0,25.0,4.9,0.0,10.0
33,7.683177078354373,3,31.0,4.8,0.0,21.0
29,20.44292976252901,0,33.0,4.9,0.0,23.0
19,19.361976407426397,3,28.0,4.9,1.0,20.0
26,5.969045594353118,1,22.0,4.6,0.0,16.0
33,7.772282029629311,1,32.0,4.6,1.0,18.0
47,13.631440268080546,3,36.0,5.0,2.0,19.0
27,13.612451541411557,1,34.0,4.5,1.0,18.0
20,7.6838087174265155,3,38.0,4.9,1.0,21.0
24,12.43523852372965,3,37.0,4.7,0.0,21.0
34,20.181059137197778,1,34.0,4.2,1.0,18.0
35,20.25510293833981,3,22.0,5.0,1.0,21.0
19,10.587113705075845,1,31.0,4.5,1.0,18.0
22,1.4898285870179706,0,34.0,4.9,1.0,9.0
25,9.19295116708344,3,29.0,4.8,1.0,19.0
20,7.646982582847267,3,27.0,4.9,0.0,19.0
27,6.050355980667948,2,31.0,4.6,1.0,12.0
42,16.385047886584577,1,38.0,4.4,2.0,18.0
18,16.852444613264275,3,35.0,4.8,1.0,21.0
15,7.7626058902454,1,30.0,4.8,0.0,17.0
32,6.080888252609821,1,32.0,4.0,2.0,15.0
15,3.08821143106593,2,31.0,5.0,1.0,11.0
19,7.803351143013712,3,36.0,4.7,1.0,21.0
25,1.558083864051793,0,32.0,4.6,1.0,11.0
14,3.0646598407974865,0,22.0,4.8,0.0,9.0
21,4.560890658020926,0,37.0,4.8,0.0,23.0
16,20.20631641648197,3,25.0,4.9,0.0,21.0
22,12.25501434480783,3,29.0,4.9,1.0,20.0
27,3.058924545938562,0,29.0,4.3,0.0,8.0
14,12.580267822400963,3,20.0,5.0,1.0,21.0
15,17.13751702263965,3,33.0,4.9,1.0,21.0
37,4.658001279265391,3,25.0,4.8,1.0,19.0
17,12.46426668801362,3,28.0,4.6,1.0,19.0
34,6.210145663324764,1,35.0,4.3,1.0,15.0
15,4.717601092054723,1,23.0,4.5,1.0,18.0
28,13.58963865201271,0,34.0,4.7,0.0,22.0
15,16.660097204546265,3,26.0,4.8,1.0,20.0
26,4.5894994863803555,0,50.0,6.0,1.0,21.0
29,4.560926278066122,1,33.0,4.8,1.0,17.0
23,11.007734763744617,3,21.0,4.9,1.0,20.0
26,6.081596950437154,1,26.0,4.9,1.0,16.0
18,20.44292976252901,3,26.0,4.6,1.0,20.0
30,16.384366809227615,1,35.0,4.9,0.0,17.0
21,4.717601092054723,3,27.0,4.8,0.0,21.0
25,16.902001940859687,0,30.0,5.0,1.0,23.0
39,13.587535883355642,1,36.0,4.1,2.0,18.0
30,3.116148933802629,0,34.0,4.5,1.0,10.0
19,3.05960707159485,0,22.0,4.6,0.0,9.0
28,3.145067434621583,0,33.0,4.5,1.0,8.0
15,1.5095756042667012,0,27.0,4.9,1.0,8.0
15,20.853653606522474,0,28.0,4.9,1.0,23.0
20,16.822155609317257,0,34.0,4.6,1.0,22.0
15,6.051108888205776,1,39.0,4.9,0.0,15.0
36,19.975696041451314,3,38.0,4.5,0.0,21.0
26,3.1089881501684506,0,22.0,4.4,1.0,8.0
25,7.660678233235288,3,24.0,4.6,1.0,20.0
53,10.756273454297123,3,31.0,4.4,1.0,19.0
24,6.146622187550208,1,27.0,5.0,1.0,15.0
16,12.103166363270562,3,20.0,4.6,0.0,19.0
27,11.007734763744617,3,35.0,4.6,1.0,21.0
27,19.91300954559314,1,20.0,4.6,1.0,17.0
30,7.601870282547478,0,34.0,4.2,1.0,23.0
11,6.20919924806096,1,27.0,4.8,0.0,16.0
21,19.917248415728803,0,31.0,4.7,0.0,22.0
18,16.851875921653388,1,21.0,4.5,1.0,17.0
18,1.5202925485985417,0,21.0,4.6,1.0,10.0
34,6.054776863332266,1,38.0,4.8,0.0,16.0
15,1.4899109729390851,2,28.0,5.0,0.0,11.0
14,7.5456323538790695,1,28.0,4.9,0.0,19.0
34,10.705468478530609,0,29.0,2.6,1.0,22.0
37,10.865776701899678,3,28.0,4.0,1.0,21.0
46,20.286882109878903,3,37.0,4.8,0.0,19.0
16,6.210045163136143,2,25.0,4.9,1.0,12.0
26,1.520309052937885,0,29.0,4.4,0.0,9.0
30,17.09799793130139,1,37.0,4.9,1.0,18.0
21,7.562333809640329,0,33.0,4.7,1.0,22.0
27,3.0190991967411747,0,32.0,4.4,0.0,8.0
20,12.291841945089606,0,20.0,5.0,0.0,22.0
14,4.4942066418864055,0,23.0,4.8,0.0,22.0
17,19.3436767475463,3,22.0,4.6,1.0,21.0
28,13.968842021961057,3,34.0,4.6,0.0,21.0
27,7.46060171035436,1,24.0,4.9,1.0,18.0
22,13.971968544834215,3,34.0,4.8,1.0,21.0
17,1.5527001159059903,0,34.0,4.8,0.0,9.0
34,10.254765380990598,3,20.0,4.6,0.0,20.0
27,6.118745338337485,1,39.0,4.8,1.0,15.0
29,9.313614929815012,1,36.0,4.8,0.0,18.0
27,13.989695713800396,3,37.0,4.6,0.0,20.0
37,10.279728368312055,1,39.0,4.6,1.0,18.0
19,14.15280068944862,3,21.0,5.0,0.0,21.0
46,13.99001950805727,3,35.0,4.3,1.0,21.0
16,11.916994721599236,3,27.0,4.7,1.0,21.0
26,13.830131455506187,1,32.0,4.7,1.0,18.0
26,20.205786629218007,3,22.0,4.9,0.0,19.0
33,4.406348380307767,3,34.0,4.4,0.0,19.0
25,19.620419296539986,3,35.0,5.0,1.0,21.0
31,20.8867162985556,3,35.0,4.2,1.0,21.0
24,2.937443361922329,0,39.0,4.8,1.0,9.0
27,1.5527615060238593,0,33.0,4.7,1.0,9.0
31,9.435201537430714,3,33.0,4.7,0.0,21.0
13,2.976570182999729,0,25.0,5.0,1.0,10.0
28,17.09838855662463,0,35.0,4.8,1.0,23.0
22,16.991786296896127,1,31.0,4.6,1.0,18.0
27,7.440983364732026,1,32.0,4.9,0.0,18.0
36,14.044169821640054,1,36.0,4.9,1.0,18.0
30,4.6103798439313035,3,20.0,4.7,1.0,19.0
35,14.15280068944862,1,29.0,4.6,0.0,18.0
14,3.064002956584147,0,29.0,4.9,1.0,9.0
22,3.1047992381869647,0,31.0,4.8,0.0,11.0
27,1.4899109729390851,2,22.0,4.5,1.0,11.0
25,4.663432062512584,1,35.0,4.5,1.0,18.0
28,4.658009428704457,3,33.0,4.7,1.0,21.0
16,11.719471817434323,3,20.0,4.5,0.0,20.0
30,8.938177476637756,3,36.0,4.8,1.0,20.0
31,10.905993510336609,1,23.0,4.7,1.0,18.0
16,19.659792615101523,0,27.0,4.7,1.0,23.0
20,13.611566722125085,0,21.0,4.6,1.0,23.0
27,10.704238934519315,0,31.0,4.5,0.0,22.0
37,10.641407763221139,1,30.0,4.3,2.0,18.0
31,19.974163074784503,3,36.0,3.9,1.0,20.0
34,17.076258901183188,3,23.0,4.4,1.0,19.0
38,4.65825552423237,3,33.0,5.0,0.0,20.0
15,3.1090734109469933,0,21.0,4.1,1.0,8.0
24,10.427208660422918,3,22.0,4.6,1.0,20.0
32,12.162428272788048,1,21.0,4.8,0.0,18.0
15,13.735953712154569,3,31.0,4.6,0.0,19.0
28,16.63859018321037,0,29.0,4.8,1.0,22.0
16,1.5527615060238593,0,20.0,4.6,1.0,9.0
24,19.61901197596057,1,25.0,4.8,0.0,18.0
30,19.915298664494237,0,38.0,4.9,1.0,23.0
31,6.29013467763468,1,31.0,4.1,1.0,15.0
42,12.079324698379555,3,26.0,4.8,0.0,21.0
31,6.209485214483088,1,34.0,4.0,1.0,17.0
28,10.642283429605715,0,37.0,4.6,1.0,23.0
16,19.663125922534896,1,27.0,4.5,1.0,17.0
20,7.683918689074729,1,22.0,4.8,1.0,18.0
16,4.544267482984226,1,33.0,5.0,1.0,18.0
23,6.1186308844114,2,29.0,4.8,1.0,13.0
32,10.704672233866505,3,20.0,4.2,1.0,21.0
40,10.564405615161895,3,37.0,3.9,1.0,20.0
44,14.15280068944862,3,20.0,4.2,1.0,19.0
52,3.0188245695177898,2,22.0,3.9,1.0,11.0
29,20.44292976252901,3,21.0,4.7,1.0,20.0
25,16.85352490584544,1,38.0,4.6,1.0,18.0
28,13.990151177257511,1,37.0,4.6,1.0,18.0
38,19.688324335752394,0,39.0,3.6,1.0,23.0
13,6.147404652636645,1,23.0,4.7,1.0,15.0
38,19.976095320024395,3,32.0,3.8,1.0,19.0
21,1.5126978119717678,0,38.0,4.8,1.0,8.0
22,2.9797958851316784,2,36.0,4.7,0.0,11.0
34,7.79042498486729,3,29.0,4.7,1.0,21.0
19,7.64537402705469,0,36.0,4.6,0.0,0.0
47,19.91703823583007,1,38.0,4.2,1.0,17.0
39,16.385730104308024,1,22.0,4.2,2.0,18.0
24,5.9592931098219735,1,34.0,4.9,0.0,15.0
30,17.07395729139767,1,31.0,4.9,1.0,17.0
28,4.717601092054723,1,38.0,4.6,1.0,18.0
20,9.435201537430714,0,33.0,4.8,1.0,22.0
36,17.29786575291325,3,29.0,4.0,1.0,19.0
35,19.916260009775197,1,27.0,4.7,1.0,18.0
16,7.658776111980611,1,39.0,4.5,0.0,19.0
12,17.097651549864548,0,21.0,4.8,1.0,23.0
21,12.100079055614344,1,36.0,4.6,0.0,17.0
54,10.594159660086516,3,39.0,5.0,0.0,20.0
39,10.5864846162781,1,24.0,4.8,2.0,17.0
18,20.20658151050797,0,22.0,4.9,1.0,23.0
28,3.0877926036871326,0,31.0,4.8,1.0,8.0
41,12.161417162421785,3,31.0,4.2,2.0,20.0
24,4.590771505102242,3,28.0,4.7,0.0,21.0
19,3.073618468414786,0,28.0,4.9,1.0,11.0
49,13.760880474936114,3,39.0,4.6,1.0,19.0
16,4.476825727149395,1,30.0,4.7,1.0,17.0
43,10.255054073729376,0,35.0,4.6,2.0,22.0
28,7.44105617650967,1,32.0,4.7,1.0,17.0
29,3.0594433388972146,0,21.0,4.5,1.0,8.0
27,1.4687537191562712,0,31.0,4.5,1.0,10.0
34,6.29013467763468,1,34.0,4.4,0.0,16.0
26,1.5294841760997977,0,32.0,4.8,1.0,8.0
11,1.4686244307352296,0,33.0,4.8,0.0,9.0
49,11.007734763744617,3,25.0,4.8,1.0,19.0
29,10.428262034058305,0,39.0,4.8,0.0,0.0
19,4.537571350180709,3,31.0,4.7,0.0,19.0
19,20.182728669258125,3,29.0,4.9,0.0,19.0
17,9.19040310530244,0,25.0,4.7,1.0,23.0
32,13.735929091490455,1,36.0,3.9,1.0,18.0
15,7.8028669927510785,1,27.0,4.7,1.0,18.0
25,7.546888128063204,3,29.0,4.7,1.0,20.0
35,13.97194896017493,0,36.0,4.1,1.0,23.0
29,7.660678233235288,3,36.0,4.6,1.0,21.0
17,13.61234086526969,3,25.0,5.0,1.0,20.0
25,4.4684124412647535,0,22.0,4.5,1.0,22.0
29,17.13749142638821,1,33.0,4.6,1.0,18.0
15,19.974163074784503,3,28.0,4.8,1.0,20.0
18,4.632302885852554,0,35.0,4.8,0.0,23.0
33,9.220209378254708,1,34.0,4.0,1.0,18.0
28,8.938685874463816,1,32.0,4.6,0.0,18.0
10,7.546781220484458,1,25.0,4.8,0.0,18.0
24,4.717601092054723,3,20.0,5.0,1.0,21.0
18,9.12210553959038,3,29.0,4.8,1.0,20.0
32,10.906470984869689,1,26.0,5.0,1.0,18.0
34,12.41848049973811,3,28.0,4.9,1.0,21.0
28,6.037990253487766,1,35.0,4.9,1.0,15.0
16,7.60136893811491,0,29.0,5.0,1.0,22.0
27,4.469352052738077,1,28.0,4.9,1.0,18.0
21,20.183529728733618,0,34.0,5.0,0.0,22.0
44,20.178267239099554,1,33.0,4.9,1.0,18.0
30,16.83409066322075,0,35.0,4.8,1.0,23.0
37,16.385802266862793,0,25.0,2.7,0.0,23.0
26,7.76260023979039,1,30.0,4.9,1.0,18.0
16,3.025345653222032,0,39.0,4.8,0.0,9.0
16,4.663432062512584,0,33.0,4.8,1.0,23.0
17,8.92908688893574,0,39.0,4.9,0.0,22.0
33,3.0189069957366157,2,32.0,4.7,0.0,11.0
43,20.178298581848242,3,29.0,4.8,2.0,21.0
23,4.717601092054723,1,39.0,4.7,0.0,18.0
26,9.315702005351538,3,39.0,4.7,1.0,21.0
12,19.915731481294102,1,24.0,4.6,0.0,17.0
44,16.11320056524447,3,21.0,4.7,2.0,21.0
40,10.924100022195042,1,33.0,4.8,1.0,17.0
24,1.4687537191562712,2,21.0,4.7,0.0,11.0
26,6.128501214162246,1,26.0,4.6,1.0,15.0
15,20.968992615068668,1,23.0,4.9,1.0,17.0
35,19.659414837288296,1,32.0,4.6,1.0,18.0
29,13.973207156405252,3,22.0,4.7,1.0,21.0
19,9.315071060294844,3,23.0,4.5,1.0,20.0
28,6.147404652636645,1,35.0,4.8,0.0,15.0
25,6.058853851669116,1,32.0,4.8,1.0,16.0
33,7.562980271914233,3,39.0,4.4,0.0,21.0
29,12.464329297636581,0,37.0,4.9,1.0,22.0
29,8.938093974530164,1,37.0,4.9,0.0,17.0
20,12.418981672303648,0,35.0,5.0,1.0,23.0
20,16.852241972645782,0,26.0,4.8,1.0,0.0
39,12.435238152054547,3,23.0,4.6,1.0,19.0
14,10.563519849475314,0,20.0,4.7,1.0,22.0
25,1.5321262845594088,0,29.0,4.0,1.0,9.0
37,12.463937409087931,3,23.0,4.9,1.0,20.0
17,16.15154834485934,0,25.0,4.6,1.0,22.0
20,10.641103649666686,1,37.0,4.8,1.0,18.0
16,1.5524171298912166,0,21.0,4.9,1.0,9.0
17,10.5652785705811,1,29.0,4.5,0.0,17.0
36,10.923392843668251,3,34.0,3.9,1.0,21.0
18,3.105133735234752,0,25.0,4.9,0.0,9.0
40,19.36321160672078,3,20.0,4.8,1.0,20.0
32,6.29013467763468,2,30.0,5.0,1.0,13.0
16,9.088005113715143,0,26.0,4.6,1.0,23.0
32,19.76027880154466,3,26.0,4.0,1.0,19.0
31,6.119866712015615,1,30.0,4.4,1.0,16.0
24,8.937863682516157,0,27.0,4.6,1.0,23.0
13,9.316091864517965,3,29.0,4.7,1.0,19.0
30,20.25305420828035,3,23.0,4.8,0.0,19.0
25,2.937536254378516,0,26.0,4.4,0.0,10.0
34,10.724517748046026,3,23.0,4.3,1.0,19.0
21,13.972123977178622,0,33.0,4.9,0.0,23.0
15,4.663344843093785,1,20.0,4.6,0.0,18.0
38,20.44292976252901,3,36.0,3.8,2.0,19.0
15,20.85172635753384,3,27.0,4.8,0.0,19.0
10,9.313347514768024,0,29.0,4.9,1.0,23.0
23,10.725034637880958,3,26.0,4.8,1.0,20.0
24,10.724879289478304,1,25.0,4.8,1.0,18.0
30,7.6470478692714,1,36.0,4.6,1.0,17.0
25,13.18449338209143,1,30.0,4.8,1.0,19.0
24,16.72129600980331,0,36.0,4.9,1.0,23.0
17,6.2178836475581045,1,37.0,4.9,1.0,15.0
29,3.145067434621583,0,22.0,4.2,1.0,9.0
34,4.464766878776638,3,31.0,4.1,2.0,20.0
26,6.242088049788142,2,37.0,4.7,1.0,14.0
18,1.5524171298912166,0,35.0,4.8,0.0,10.0
33,10.703215446671857,1,25.0,4.6,1.0,18.0
29,1.5523608800116515,2,26.0,4.7,1.0,11.0
38,13.788169484007305,3,25.0,4.1,1.0,20.0
27,16.646515101533154,3,33.0,4.6,1.0,19.0
32,6.053991527368519,2,37.0,5.0,1.0,13.0
19,13.830779932927063,1,29.0,4.7,1.0,18.0
28,5.958965689667193,2,36.0,4.7,1.0,14.0
15,7.761780026108867,1,36.0,4.8,0.0,17.0
21,20.17900385808542,0,39.0,4.7,1.0,22.0
23,7.6461047483215205,0,27.0,4.2,0.0,23.0
38,7.659687719505771,3,29.0,4.0,1.0,19.0
10,3.0594433388972146,0,26.0,4.9,1.0,10.0
28,7.7613504048972315,1,26.0,4.8,1.0,17.0
12,3.0251186390184004,0,23.0,4.7,1.0,10.0
26,6.080882967594328,2,27.0,4.8,1.0,13.0
37,12.098714903153644,1,37.0,4.4,1.0,19.0
18,10.641925519431222,1,27.0,4.8,0.0,18.0
31,19.83954246470917,3,22.0,5.0,0.0,21.0
19,7.573470125639189,1,28.0,4.8,1.0,18.0
36,12.254988311075596,3,25.0,4.3,0.0,21.0
27,4.494246018081997,3,37.0,4.9,0.0,20.0
23,1.552331352726081,2,29.0,4.6,0.0,11.0
18,13.680987399157162,0,38.0,4.9,0.0,23.0
20,13.97014466545326,3,27.0,4.8,0.0,19.0
28,17.07559440107296,1,31.0,4.8,0.0,17.0
31,8.811839531569467,1,37.0,4.2,1.0,17.0
17,9.220316822180319,0,22.0,5.0,0.0,23.0
44,16.368320331067043,1,36.0,5.0,1.0,18.0
15,13.61234086526969,0,27.0,4.9,0.0,22.0
10,1.572533729286321,2,27.0,4.8,0.0,11.0
37,7.760937776419092,3,31.0,4.2,1.0,20.0
32,13.971968544834215,0,34.0,3.0,0.0,23.0
30,16.38598063528554,0,36.0,4.7,1.0,23.0
25,13.972191759503005,0,31.0,5.0,0.0,22.0
25,4.596251207088927,0,38.0,4.7,0.0,23.0
18,7.8626681674103684,1,35.0,4.8,1.0,18.0
25,16.824549100074805,0,29.0,4.8,1.0,23.0
23,14.021812013196106,3,27.0,4.8,1.0,21.0
24,7.448627554424398,3,29.0,4.8,1.0,21.0
29,4.663545220952834,0,37.0,5.0,0.0,22.0
15,1.572533729286321,0,27.0,4.7,1.0,10.0
18,7.601362669750945,0,32.0,4.9,0.0,22.0
29,17.07395729139767,3,33.0,4.8,1.0,20.0
32,1.572533729286321,2,31.0,4.9,1.0,11.0
27,7.761839422154042,1,28.0,4.7,1.0,17.0
15,3.058551495341316,0,25.0,4.5,1.0,9.0
26,16.635820545592292,1,36.0,4.7,0.0,18.0
26,12.1610162189127,0,34.0,4.6,0.0,23.0
10,6.14663364596065,1,20.0,4.7,1.0,15.0
15,1.532229188735096,0,34.0,4.7,0.0,8.0
29,12.419632405531052,0,39.0,4.6,1.0,23.0
23,1.5204704557283455,0,23.0,4.4,1.0,8.0
16,7.8626681674103684,0,27.0,4.6,1.0,22.0
12,3.0408931296411703,0,30.0,4.7,0.0,10.0
16,14.0219570899938,0,32.0,4.6,1.0,22.0
24,12.293290453033771,0,34.0,4.6,1.0,23.0
32,20.176709024393567,3,28.0,4.1,1.0,19.0
32,10.427235657896496,0,20.0,2.8,1.0,0.0
26,1.5581369822072066,0,32.0,4.7,1.0,8.0
28,4.469310320115436,1,36.0,4.7,1.0,17.0
24,1.4899271643865588,0,36.0,4.6,1.0,10.0
16,3.0640094555094213,0,25.0,4.7,0.0,9.0
20,2.9846559340989685,0,28.0,4.8,0.0,9.0
26,12.11655916281721,3,26.0,4.6,1.0,21.0
21,20.85333460818602,0,22.0,5.0,0.0,22.0
33,13.830282747997192,0,30.0,3.7,1.0,22.0
29,19.975696041451314,0,22.0,4.6,0.0,22.0
28,4.537553114731602,0,50.0,6.0,0.0,21.0
25,12.580267822400963,1,39.0,4.8,0.0,17.0
19,1.5298253586323256,0,32.0,4.8,1.0,8.0
14,13.405971717381743,3,27.0,4.7,0.0,19.0
37,10.641057010178418,3,34.0,4.4,0.0,19.0
23,4.674220356187267,1,21.0,4.6,0.0,17.0
21,12.09902345211663,3,30.0,4.6,0.0,21.0
30,12.074255310176673,1,33.0,4.9,1.0,18.0
33,19.36342948174777,3,24.0,4.7,1.0,21.0
21,16.72211869180285,0,38.0,4.6,1.0,23.0
15,20.887331234788512,3,27.0,4.7,1.0,21.0
38,13.972191759503005,3,26.0,4.7,1.0,21.0
25,3.029512751162419,0,30.0,4.7,0.0,9.0
19,12.162115707005645,0,27.0,4.9,1.0,23.0
18,12.257021346006622,1,29.0,4.9,0.0,18.0
38,12.436148456121032,1,32.0,4.4,1.0,18.0
16,6.122094799492641,2,29.0,5.0,1.0,12.0
21,8.936297424957562,0,37.0,4.0,0.0,22.0
20,17.09752492719776,0,32.0,4.8,0.0,23.0
34,3.11620371432348,0,31.0,4.1,1.0,8.0
37,16.85361872985359,3,23.0,4.2,2.0,20.0
26,19.762388480864143,0,27.0,4.5,0.0,22.0
20,17.137482577838597,3,22.0,4.7,1.0,21.0
38,6.29013467763468,2,25.0,4.0,2.0,14.0
15,13.98958472463553,0,37.0,4.7,0.0,22.0
35,10.88095073745098,3,29.0,4.6,0.0,21.0
14,9.055981117924203,1,28.0,4.5,0.0,18.0
43,3.0188284633848217,2,25.0,3.9,0.0,11.0
28,6.0811084845161325,2,36.0,5.0,1.0,13.0
23,20.206315811338555,0,29.0,5.0,1.0,22.0
12,10.602450942886513,3,25.0,4.7,0.0,21.0
21,3.145067434621583,0,34.0,5.0,1.0,10.0
27,19.659414837288296,0,37.0,4.8,1.0,23.0
20,16.385045825961104,0,31.0,5.0,1.0,22.0
20,3.052735829416971,0,35.0,4.5,0.0,9.0
31,10.683827860847892,1,24.0,4.3,1.0,17.0
35,20.851862908260976,3,29.0,5.0,1.0,20.0
39,13.82977049957229,3,29.0,4.0,1.0,21.0
18,2.9790002034338934,0,21.0,4.5,0.0,9.0
25,13.184333425018213,3,37.0,4.9,0.0,21.0
42,10.866277692518308,3,29.0,5.0,1.0,19.0
18,16.659974055073302,0,33.0,4.8,0.0,0.0
17,19.878389859457627,1,20.0,4.8,1.0,17.0
15,13.82967763210672,1,26.0,4.9,1.0,18.0
22,7.648322354566645,1,25.0,4.9,1.0,18.0
22,19.879870677373706,0,21.0,4.9,1.0,23.0
29,7.448560816474598,3,27.0,5.0,1.0,21.0
35,19.882650147415998,0,21.0,2.7,0.0,23.0
11,4.395530071409622,3,29.0,4.8,0.0,19.0
25,1.5299884479314707,0,39.0,4.7,1.0,8.0
18,1.5094817638297648,0,27.0,5.0,1.0,10.0
24,10.587815903448679,0,22.0,4.9,1.0,23.0
39,13.582511011042971,3,39.0,3.8,1.0,20.0
33,9.2191235676111,0,37.0,4.0,1.0,22.0
29,4.537989684962583,0,22.0,4.3,0.0,23.0
27,4.6741517745550425,3,27.0,4.6,1.0,20.0
28,13.98984971037147,0,37.0,4.6,1.0,22.0
15,20.176811965426133,3,29.0,4.7,1.0,19.0
40,13.621484759967666,3,37.0,4.5,1.0,19.0
23,16.720605641529577,3,29.0,4.6,1.0,19.0
38,12.116939023592712,1,28.0,4.1,1.0,19.0
26,7.460811932596954,3,25.0,4.5,0.0,19.0
27,9.315024038998043,3,35.0,4.6,1.0,21.0
29,6.218134914911527,1,36.0,4.5,0.0,15.0
16,5.958808071070684,2,36.0,4.6,1.0,15.0
25,3.0734222587643045,2,25.0,5.0,1.0,11.0
27,5.860416837896751,1,23.0,4.7,0.0,15.0
24,13.788169484007305,0,24.0,4.9,1.0,23.0
24,4.717601092054723,0,38.0,4.8,1.0,22.0
34,14.02184017066065,3,22.0,4.9,1.0,20.0
27,12.419850660252768,3,21.0,4.9,1.0,19.0
49,1.5126859754657422,2,32.0,4.7,1.0,11.0
13,11.93666319586319,0,22.0,4.8,0.0,22.0
12,4.674318760489487,0,29.0,4.5,0.0,22.0
26,6.210589610314177,1,39.0,4.7,1.0,15.0
28,12.100079055614344,0,33.0,4.8,0.0,23.0
21,9.058755058935285,3,28.0,4.7,0.0,20.0
17,10.72467208673564,0,28.0,4.9,1.0,23.0
31,10.255061029110642,3,37.0,3.6,1.0,20.0
16,9.177805335295872,1,21.0,4.6,0.0,18.0
42,16.385045825961104,3,32.0,4.3,1.0,20.0
24,6.119866712015615,2,23.0,5.0,1.0,12.0
30,9.326359385740641,3,34.0,4.5,1.0,19.0
49,20.851862908260976,3,30.0,4.0,3.0,21.0
18,12.580267822400963,1,29.0,4.6,1.0,18.0
22,13.583078662317007,0,26.0,4.8,1.0,23.0
18,6.105310401829539,1,38.0,4.7,0.0,16.0
36,13.989147573068443,1,27.0,4.8,1.0,17.0
10,12.42072409404905,3,22.0,4.6,1.0,20.0
39,12.073616371381316,0,36.0,4.2,1.0,22.0
17,1.5606496923639468,0,28.0,4.7,0.0,10.0
28,3.0640094555094213,0,31.0,4.8,1.0,10.0
20,12.42069253996503,0,38.0,4.7,1.0,23.0
33,16.15276300944043,3,22.0,4.1,0.0,20.0
26,1.560558466678474,0,25.0,4.2,1.0,8.0
31,7.448379823536196,1,37.0,4.2,0.0,17.0
41,11.747351283055355,3,33.0,4.3,1.0,20.0
19,3.105091096509636,0,20.0,4.6,0.0,8.0
26,20.44292976252901,3,21.0,4.8,0.0,19.0
20,3.1091344143312867,2,26.0,4.7,1.0,11.0
26,11.007734763744617,3,28.0,4.9,1.0,19.0
15,3.05960707159485,0,36.0,4.7,0.0,10.0
11,9.313300003113902,0,20.0,5.0,1.0,22.0
27,7.761199672759851,3,20.0,5.0,0.0,21.0
23,4.544232356931077,3,37.0,4.9,0.0,21.0
13,3.040697853651633,0,28.0,4.9,1.0,9.0
38,13.969878141806623,1,24.0,4.9,0.0,18.0
36,10.868262820109699,3,25.0,4.7,1.0,20.0
26,20.206901465513607,0,34.0,5.0,0.0,23.0
30,7.8626681674103684,3,35.0,5.0,1.0,19.0
21,19.362825446415226,3,20.0,4.5,1.0,20.0
34,17.29786575291325,1,36.0,4.2,1.0,17.0
12,3.1051314775458967,0,20.0,5.0,1.0,9.0
15,10.707144604562082,1,27.0,4.9,1.0,17.0
17,10.906379593113723,1,20.0,4.9,1.0,17.0
20,16.659963190057415,0,26.0,4.6,1.0,22.0
19,7.600990561376191,0,30.0,4.8,1.0,0.0
23,7.567371172860539,3,27.0,4.7,1.0,19.0
10,7.790426271963797,0,31.0,4.7,0.0,23.0
37,9.326651352175272,1,34.0,4.7,2.0,18.0
22,1.5322753274864631,2,26.0,4.6,1.0,11.0
39,12.42069253996503,1,21.0,4.8,1.0,18.0
39,20.25378851608599,0,38.0,5.0,2.0,23.0
30,13.97214132886697,3,31.0,4.9,1.0,20.0
37,20.852513503426962,3,26.0,4.1,0.0,20.0
28,4.544232356931077,0,29.0,4.1,0.0,23.0
39,12.161009703058534,1,26.0,4.9,1.0,18.0
37,4.717601092054723,3,25.0,5.0,1.0,19.0
28,11.936703507445106,1,23.0,4.9,1.0,18.0
26,9.348493190107364,3,35.0,4.8,1.0,19.0
42,12.293745665244252,3,36.0,4.2,2.0,20.0
24,7.790439155314363,1,31.0,4.8,1.0,18.0
51,19.61916749330441,3,36.0,4.3,1.0,22.0
32,9.314044193379946,3,26.0,4.9,0.0,21.0
31,19.618739348801018,3,28.0,4.1,1.0,20.0
49,13.61128304620412,3,36.0,5.0,1.0,20.0
20,1.5204319193295497,0,26.0,4.6,0.0,11.0
25,4.539068203248638,3,26.0,4.9,0.0,21.0
36,19.66102221350665,0,37.0,3.6,1.0,23.0
14,3.0188687420087144,0,21.0,4.7,1.0,8.0
15,16.601046189403377,1,33.0,4.9,1.0,19.0
25,11.007734763744617,0,39.0,4.9,1.0,22.0
25,10.707345040408097,0,36.0,5.0,1.0,22.0
28,3.04081604085675,0,31.0,4.9,1.0,9.0
41,11.007734763744617,3,28.0,4.8,1.0,21.0
22,1.5203447277401048,0,29.0,4.7,0.0,10.0
16,20.44292976252901,0,29.0,4.8,0.0,0.0
11,12.074255310176673,0,28.0,4.6,1.0,23.0
23,12.349986855289886,0,29.0,4.5,1.0,22.0
29,3.058551495341316,0,28.0,4.3,1.0,10.0
16,7.683332672259472,3,23.0,4.7,0.0,21.0
33,7.68415541716559,3,34.0,4.0,0.0,19.0
44,10.880951367269885,3,35.0,4.3,2.0,21.0
22,19.34348721744278,0,35.0,4.5,1.0,22.0
38,12.079324698379555,3,31.0,4.1,1.0,19.0
19,3.0594028768209838,0,29.0,4.7,1.0,10.0
21,9.315745106316243,3,21.0,4.6,0.0,21.0
19,13.970122998261997,0,23.0,4.7,0.0,22.0
38,17.074116110019787,3,26.0,4.0,2.0,19.0
30,6.29013467763468,2,21.0,4.7,1.0,13.0
23,3.109210739496908,0,34.0,4.6,1.0,10.0
27,4.537640130462668,1,32.0,4.5,1.0,18.0
28,1.5136713101657704,2,39.0,4.6,1.0,12.0
12,4.5607380187107855,1,28.0,4.9,0.0,18.0
28,4.561112369847916,3,36.0,5.0,0.0,21.0
27,7.600994631258685,0,36.0,4.3,1.0,23.0
37,13.830709083522443,0,34.0,3.9,1.0,23.0
21,4.395530071409622,1,31.0,4.7,1.0,17.0
11,6.232189890723436,1,25.0,4.8,0.0,15.0
26,17.07649014379466,0,31.0,4.6,0.0,22.0
35,12.116895848186626,1,32.0,3.6,0.0,18.0
19,7.562267471532845,0,22.0,4.7,1.0,22.0
42,13.611337814321281,3,24.0,4.9,0.0,22.0
22,3.0250863295462396,0,32.0,4.3,1.0,9.0
36,10.565936169903516,1,31.0,4.8,1.0,17.0
41,3.105492716560946,2,31.0,4.9,0.0,11.0
39,9.348356419300423,3,29.0,5.0,2.0,21.0
24,19.362561679297382,3,26.0,4.6,0.0,21.0
34,9.220418694558179,1,36.0,4.9,1.0,18.0
26,10.5652785705811,0,37.0,4.8,1.0,22.0
30,17.099225478912437,1,31.0,4.6,1.0,18.0
26,9.363987776579894,3,22.0,4.5,1.0,19.0
15,4.717601092054723,3,23.0,4.7,0.0,20.0
30,10.724960763776828,0,24.0,4.9,1.0,22.0
29,12.419787919082209,0,30.0,4.9,1.0,22.0
20,20.287264795753714,1,20.0,4.8,0.0,18.0
18,6.210060323088704,1,37.0,4.7,1.0,15.0
17,12.436148456121032,0,28.0,5.0,0.0,23.0
27,9.220550607824233,3,24.0,4.6,1.0,19.0
32,3.0605561405264683,2,37.0,4.4,1.0,11.0
30,9.074486316335918,3,30.0,4.5,1.0,19.0
11,3.1161423837882567,0,28.0,4.9,0.0,9.0
33,11.916235157217862,1,30.0,4.3,0.0,18.0
18,1.5527001583674398,0,37.0,4.7,0.0,8.0
25,17.29786575291325,3,29.0,4.8,1.0,20.0
24,7.601681384871197,3,23.0,5.0,1.0,20.0
23,4.65734737800111,0,22.0,4.9,0.0,22.0
18,4.560783589287684,1,31.0,4.9,1.0,17.0
38,6.050094908857936,2,36.0,4.7,1.0,14.0
25,3.0408635912257624,0,33.0,4.7,1.0,10.0
16,1.554508559519504,0,26.0,4.9,0.0,8.0
39,12.25768788680288,1,31.0,4.7,1.0,17.0
23,7.660678233235288,0,39.0,4.4,0.0,23.0
32,17.13793593144315,0,31.0,3.6,1.0,22.0
26,7.546800541055753,1,24.0,4.9,1.0,17.0
21,3.1089700084222183,0,38.0,4.5,0.0,10.0
23,1.572533729286321,0,35.0,4.7,1.0,10.0
17,3.0186622920269803,0,28.0,4.8,1.0,9.0
28,10.64105130998624,1,29.0,4.6,1.0,18.0
20,7.7191763867423395,0,39.0,4.6,0.0,23.0
31,6.05884411746293,1,30.0,5.0,1.0,15.0
26,3.087888623548509,0,34.0,4.7,1.0,8.0
36,17.137414711878986,1,24.0,4.0,1.0,17.0
49,20.25378851608599,3,35.0,4.1,2.0,19.0
28,1.554619810773694,2,27.0,4.9,1.0,12.0
51,12.25659774869038,3,36.0,4.4,1.0,21.0
21,1.4898424937942714,2,29.0,4.7,1.0,11.0
28,4.537516076226438,1,28.0,4.5,1.0,18.0
28,10.641581256626232,1,23.0,4.8,0.0,17.0
17,9.326651352175272,0,25.0,4.9,1.0,22.0
43,11.936634394624864,3,26.0,4.0,1.0,21.0
32,17.074256778794595,1,23.0,4.1,0.0,18.0
20,13.972751063504559,0,30.0,4.8,0.0,23.0
26,9.054052950169497,0,35.0,4.4,0.0,22.0
21,7.660840811905797,3,32.0,5.0,0.0,20.0
51,14.15280068944862,3,39.0,4.9,3.0,20.0
16,4.588360239493078,1,33.0,4.8,0.0,17.0
15,2.9962078010132496,0,38.0,5.0,0.0,10.0
21,9.31397992220267,3,20.0,4.8,1.0,20.0
37,6.117673772819904,2,34.0,4.8,1.0,13.0
22,1.53058864856925,2,25.0,4.6,0.0,11.0
28,4.539068203248638,0,33.0,4.8,1.0,23.0
29,19.362530001074916,1,22.0,4.9,1.0,17.0
30,17.07302628964209,1,37.0,4.7,1.0,18.0
17,7.54626481457244,0,32.0,4.8,0.0,22.0
40,14.15280068944862,3,34.0,4.9,1.0,19.0
22,4.610365144357058,1,23.0,4.6,1.0,17.0
12,10.588906536688087,0,24.0,4.7,1.0,23.0
30,6.232189890723436,1,38.0,4.6,1.0,16.0
25,12.23656153955492,0,39.0,4.9,1.0,23.0
16,8.937806252924872,1,36.0,4.8,1.0,17.0
22,11.720182056112947,3,28.0,4.5,0.0,19.0
25,4.537843333696388,0,37.0,4.1,1.0,22.0
28,7.6831914051315,3,37.0,4.6,1.0,20.0
10,7.7625474744641085,0,24.0,4.8,0.0,22.0
41,9.31563208704705,3,21.0,3.7,1.0,21.0
20,4.657153007152837,0,20.0,4.9,1.0,23.0
29,6.037474189824093,2,35.0,4.9,0.0,13.0
14,3.040665363317611,0,24.0,4.7,1.0,10.0
36,17.07353769061412,1,21.0,4.1,0.0,18.0
28,13.971759900424741,3,30.0,4.8,1.0,20.0
16,3.116128490575321,0,23.0,4.6,0.0,10.0
19,9.435201537430714,1,26.0,4.8,1.0,18.0
25,7.761780026108867,1,27.0,5.0,1.0,17.0
15,6.080888252609821,2,23.0,4.9,0.0,15.0
28,3.073462803868858,0,39.0,4.8,1.0,10.0
27,20.44292976252901,0,38.0,4.9,0.0,22.0
14,3.0405415100027917,0,22.0,4.7,1.0,10.0
18,1.5545440228107195,0,26.0,4.1,0.0,9.0
10,7.60161677107109,0,27.0,4.7,1.0,23.0
40,13.583068670275285,3,29.0,4.7,0.0,20.0
37,20.253748386838097,3,39.0,3.6,0.0,21.0
18,6.210589610314177,2,39.0,4.8,0.0,14.0
21,13.98984971037147,1,28.0,4.6,0.0,17.0
22,16.635820545592292,0,24.0,4.6,1.0,22.0
29,11.916757259074618,0,37.0,4.9,1.0,22.0
17,19.359307695550992,1,32.0,4.5,1.0,18.0
30,6.049956259946466,2,38.0,4.7,1.0,12.0
42,14.045583342827893,3,23.0,4.2,1.0,20.0
26,11.007734763744617,3,30.0,4.8,1.0,20.0
37,16.606287778359242,1,20.0,4.9,1.0,18.0
34,19.363385329656776,3,36.0,4.5,2.0,21.0
34,13.972191759503005,1,39.0,5.0,1.0,17.0
17,1.4981846390601354,0,37.0,4.7,0.0,8.0
46,14.15280068944862,3,33.0,4.9,0.0,19.0
34,2.9962078010132496,2,20.0,4.7,1.0,11.0
33,9.088078142011637,3,39.0,4.6,1.0,20.0
32,7.631487330979372,3,37.0,4.6,1.0,21.0
31,10.683732403900528,1,26.0,4.3,1.0,17.0
33,10.866261860714015,3,22.0,4.1,1.0,20.0
15,6.232241741133436,2,29.0,4.8,0.0,12.0
38,10.867421265092352,1,21.0,5.0,1.0,18.0
24,14.15280068944862,3,20.0,4.9,1.0,20.0
37,17.13783007771357,3,36.0,4.4,1.0,19.0
15,13.973182653917394,3,32.0,4.7,1.0,20.0
12,13.82977049957229,1,20.0,4.8,0.0,17.0
38,7.660582694185052,1,38.0,4.4,1.0,19.0
29,7.546680469081603,3,20.0,4.6,1.0,21.0
34,7.44105617650967,3,24.0,4.9,1.0,22.0
15,1.5302997807730145,0,21.0,4.6,1.0,9.0
46,12.074047498027575,3,31.0,4.7,1.0,20.0
14,4.469027394505617,3,24.0,4.9,0.0,21.0
43,19.688565914789702,3,33.0,4.1,2.0,21.0
18,3.0594433388972146,2,38.0,4.7,1.0,11.0
42,20.44292976252901,3,36.0,3.6,1.0,21.0
33,6.1052326871543485,2,39.0,4.6,1.0,14.0
51,11.007734763744617,3,36.0,4.7,2.0,21.0
21,4.5409498250826665,1,20.0,5.0,1.0,18.0
30,2.9794969556315394,2,31.0,5.0,1.0,11.0
21,13.40588385177958,3,32.0,4.7,1.0,20.0
19,8.937527873529229,0,28.0,4.6,1.0,22.0
30,16.384351156454095,1,30.0,4.9,0.0,17.0
19,4.682100175479253,3,25.0,4.9,0.0,21.0
32,12.25768788680288,3,21.0,5.0,0.0,19.0
20,3.0188764660307563,0,26.0,4.8,1.0,11.0
31,4.6818978894296635,3,35.0,4.8,1.0,21.0
16,2.9802493849187557,0,31.0,4.7,0.0,10.0
45,20.253686746640913,3,38.0,4.8,2.0,19.0
27,9.315729044609785,3,31.0,5.0,1.0,20.0
